nohup: ignoring input

> nextn@0.1.0 dev
> next dev --turbopack -p 9002 -p 9002

   ▲ Next.js 15.5.9 (Turbopack)
   - Local:        http://localhost:9002
   - Network:      http://172.25.85.178:9002
   - Environments: .env

 ✓ Starting...
 ○ Compiling middleware ...
 ✓ Compiled middleware in 887ms
 ✓ Ready in 3.3s
 ○ Compiling /api/auth/[...nextauth] ...
 ✓ Compiled /api/auth/[...nextauth] in 3.6s
 GET /api/auth/session 200 in 5184ms
 GET /api/auth/session 200 in 374ms
 GET /api/auth/session 200 in 330ms
 GET /api/auth/session 200 in 323ms
 GET /api/auth/session 200 in 383ms
 GET /api/auth/session 200 in 383ms
 GET /api/auth/session 200 in 325ms
 GET /api/auth/session 200 in 399ms
 GET /api/auth/session 200 in 378ms
 GET /api/auth/session 200 in 351ms
 GET /api/auth/session 200 in 319ms
 GET /api/auth/session 200 in 381ms
 GET /api/auth/session 200 in 330ms
 GET /api/auth/session 200 in 317ms
 GET /api/auth/session 200 in 368ms
 GET /api/auth/session 200 in -25193ms
 GET /api/auth/session 200 in 359ms
 GET /api/auth/session 200 in 530ms
 GET /api/auth/session 200 in 457ms
 ○ Compiling /admin/home ...
 GET /api/auth/session 200 in 355ms
 GET /api/auth/session 200 in 392ms
 GET /api/auth/session 200 in 365ms
 GET /api/auth/session 200 in 326ms
 GET /api/auth/session 200 in 393ms
 GET /api/auth/session 200 in 358ms

warn - The class `duration-[1000ms]` is ambiguous and matches multiple utilities.
warn - If this is content and not a class, replace it with `duration-&lsqb;1000ms&rsqb;` to silence this warning.

warn - The class `duration-[1500ms]` is ambiguous and matches multiple utilities.
warn - If this is content and not a class, replace it with `duration-&lsqb;1500ms&rsqb;` to silence this warning.

warn - The class `duration-[50ms]` is ambiguous and matches multiple utilities.
warn - If this is content and not a class, replace it with `duration-&lsqb;50ms&rsqb;` to silence this warning.

warn - The class `ease-[cubic-bezier(0.23,1,0.32,1)]` is ambiguous and matches multiple utilities.
warn - If this is content and not a class, replace it with `ease-&lsqb;cubic-bezier(0.23,1,0.32,1)&rsqb;` to silence this warning.
 GET /api/auth/session 200 in 494ms
 GET /api/auth/session 200 in 394ms
 GET /api/auth/session 200 in 375ms
 GET /api/auth/session 200 in 654ms
 GET / 200 in 6864ms
 ✓ Compiled /admin/home in 34.4s
 ⚠ Cross origin request detected from 172.25.85.178 to /_next/* resource. In a future major version of Next.js, you will need to explicitly configure "allowedDevOrigins" in next.config to allow this.
Read more: https://nextjs.org/docs/app/api-reference/config/next-config-js/allowedDevOrigins
 GET /api/auth/session 200 in 563ms
 ○ Compiling /favicon.ico ...
 GET /admin/home 200 in 10148ms
 ✓ Compiled /favicon.ico in -24094ms
 GET /favicon.ico?favicon.7ed73651.ico 200 in -23754ms
 GET /api/localizedStrings?_t=1778044599257 200 in 1759ms
 GET /api/auth/session 200 in 601ms
 GET /api/homepageContent/map 200 in 2692ms
 GET /api/homepageContent/video 200 in 2695ms
 GET /api/homepageContent/hero 200 in -22885ms
 GET /favicon.ico?favicon.7ed73651.ico 200 in 419ms
 GET /api/auth/session 200 in 431ms
 GET /api/settings/languages 200 in 1845ms
 GET /api/settings/ai 200 in 463ms
 ○ Compiling /api/profile ...
 GET /api/auth/session 200 in 482ms
 ✓ Compiled /api/profile in 937ms
 GET /api/localizedStrings?_t=1778044602481 200 in 675ms
 GET /api/localizedStrings?_t=1778044602482 200 in 627ms
 GET /api/settings/languages 200 in 590ms
 GET /api/settings/navigation 200 in 530ms
 GET /api/productCategories?_t=1778044602481 200 in 808ms
 GET /api/profile 200 in 1322ms
 ✓ Compiled /api/bentoItems in 376ms
 GET /api/localizedStrings?_t=1778044602483 200 in 26322ms
 GET /api/homepageContent/bento 200 in 26313ms
 GET /api/localizedStrings?_t=1778044602484 200 in 26244ms
 GET /api/localizedStrings?_t=1778044602485 200 in 26225ms
 GET /api/products?status=published&limit=8?_t=1778044602484 200 in 26507ms
 GET /api/bentoItems?_t=1778044602484 200 in 26513ms
 GET /api/localizedStrings?_t=1778044602488 200 in -24922ms
 GET /api/productCategories?_t=1778044602488 200 in -24904ms
 GET /api/localizedStrings?_t=1778044602489 200 in -24899ms
 GET /api/bentoItems?_t=1778044602489 200 in -24899ms
 GET /api/products?status=published&limit=8?_t=1778044602489 200 in -25039ms
 GET /api/localizedStrings?_t=1778044602490 200 in -25037ms
 GET /api/settings/languages 200 in 921ms
 GET /api/settings/navigation 200 in 917ms
 GET /api/homepageContent/bento 200 in 918ms
 GET /api/localizedStrings?_t=1778044602489 200 in 919ms
 GET /api/localizedStrings?_t=1778044602488 200 in 925ms
 GET /api/auth/session 200 in 987ms
 GET /api/settings/languages 200 in 405ms
 GET /api/auth/session 200 in 407ms
 GET /api/settings/languages 200 in 720ms
 GET /api/auth/session 200 in 721ms
 GET /api/bentoItems?_t=1778044606279 200 in 722ms
 GET /api/productCategories?_t=1778044606279 200 in 828ms
 GET /api/homepageContent/hero 200 in 824ms
 GET /api/homepageContent/video 200 in 826ms
 GET /api/localizedStrings?_t=1778044606280 200 in 633ms
 GET /api/homepageContent/bento 200 in 716ms
 GET /api/bentoItems?_t=1778044606283 200 in 592ms
 GET /api/productCategories?_t=1778044606284 200 in 595ms
 GET /api/localizedStrings?_t=1778044606284 200 in 598ms
 GET /api/settings/ai 200 in 712ms
 GET /api/settings/languages 200 in 432ms
 ✓ Compiled /api/galleryAssets in 354ms
 GET /api/homepageContent/hero 200 in 670ms
 GET /api/homepageContent/video 200 in 672ms
 GET /api/auth/session 200 in 954ms
 GET /api/galleryCategories?_t=1778044607209 200 in 931ms
 GET /api/galleryAssets?_t=1778044607211 200 in 982ms
 GET /api/galleryAssets?_t=1778044607209 200 in 1105ms
 GET /api/galleryCategories?_t=1778044607211 200 in 26322ms
 GET /api/homepageContent/bento 200 in 26310ms
 GET /api/settings/ai 200 in 894ms
 GET /api/settings/languages 200 in 746ms
 GET /api/auth/session 200 in 630ms
 GET /api/settings/languages 200 in 486ms
 GET /api/auth/session 200 in 501ms
 GET /api/settings/languages 200 in 434ms
 ✓ Compiled /api/productionSteps in 471ms
 GET /api/productionSteps?_t=1778044610089 200 in 930ms
 GET /api/productionSteps?_t=1778044610088 200 in 946ms
 GET /api/caseStudies?_t=1778044610089 200 in 946ms
 GET /api/settings/languages 200 in 432ms
 GET /api/caseStudies?_t=1778044610089 200 in 386ms
 GET /api/settings/languages 200 in 368ms
 ⨯ The requested resource "https://placehold.co/800x600?text=Retail+Case" has type "image/svg+xml" but dangerouslyAllowSVG is disabled. Consider adding the "unoptimized" property to the <Image>.
 GET /api/auth/session 200 in 441ms
 GET /api/auth/session 200 in 325ms
 GET /api/auth/session 200 in 808ms
 GET /api/auth/session 200 in 328ms
 GET /api/auth/session 200 in 25936ms
 GET /api/auth/session 200 in 429ms
 GET /api/auth/session 200 in 328ms
 GET /api/auth/session 200 in 322ms
 GET /api/auth/session 200 in 430ms
 GET /api/auth/session 200 in 323ms
 GET /api/auth/session 200 in 463ms
 GET /api/auth/session 200 in 334ms
 GET /api/auth/session 200 in 332ms
 GET /api/auth/session 200 in 442ms
 GET /api/auth/session 200 in 328ms
 GET /api/auth/session 200 in 444ms
 GET /api/auth/session 200 in 357ms
 GET /admin/home 200 in 396ms
 GET /api/auth/session 200 in 456ms
 GET /api/auth/session 200 in 543ms
 GET /api/settings/ai 200 in 727ms
 GET /api/auth/session 200 in 26371ms
 GET /api/profile 200 in 26398ms
 GET /favicon.ico?favicon.7ed73651.ico 200 in 26024ms
 GET /api/auth/session 200 in -24995ms
 GET /api/bentoItems?_t=1778044649155 200 in -24976ms
 GET /api/homepageContent/hero 200 in -24671ms
 GET /api/homepageContent/video 200 in -24670ms
 GET /api/homepageContent/bento 200 in -24680ms
 GET /api/settings/ai 200 in -24681ms
 GET /api/productCategories?_t=1778044649155 200 in 546ms
 GET /api/localizedStrings?_t=1778044649155 200 in 750ms
 GET /api/bentoItems?_t=1778044649162 200 in 645ms
 GET /api/productCategories?_t=1778044649162 200 in 791ms
 GET /api/localizedStrings?_t=1778044649162 200 in 797ms
 GET /api/homepageContent/hero 200 in 824ms
 GET /api/homepageContent/video 200 in 502ms
 GET /api/auth/session 200 in 957ms
 GET /api/homepageContent/bento 200 in 920ms
 GET /api/galleryAssets?_t=1778044650225 200 in 646ms
 GET /api/galleryCategories?_t=1778044650225 200 in 634ms
 GET /api/galleryAssets?_t=1778044650226 200 in 756ms
 GET /api/settings/ai 200 in 758ms
 GET /api/galleryCategories?_t=1778044650227 200 in 727ms
 GET /api/auth/session 200 in 439ms
 GET /api/auth/session 200 in 325ms
 GET /api/auth/session 200 in 565ms
 GET /api/auth/session 200 in 334ms
 GET /api/auth/session 200 in 323ms
 GET /api/auth/session 200 in 423ms
 GET /api/auth/session 200 in 328ms
 GET /api/auth/session 200 in 465ms
 GET /api/auth/session 200 in 335ms
 GET /api/auth/session 200 in 334ms
 GET /api/auth/session 200 in 450ms
 GET /api/auth/session 200 in 328ms
 ✓ Compiled in 228ms
 GET /api/bentoItems?_t=1778044723280 200 in 664ms
 GET /api/productCategories?_t=1778044723281 200 in 26537ms
 GET /api/homepageContent/hero 200 in 26518ms
 GET /api/homepageContent/video 200 in 26521ms
 GET /api/homepageContent/bento 200 in 26523ms
 GET /api/settings/ai 200 in 26525ms
 GET /api/localizedStrings?_t=1778044723281 200 in -25188ms
 GET /api/galleryAssets?_t=1778044724321 200 in -25033ms
 GET /api/galleryCategories?_t=1778044724321 200 in -25032ms
 GET /api/galleryAssets?_t=1778044724322 200 in -25023ms
 GET /api/galleryCategories?_t=1778044724323 200 in -25027ms
 GET /api/auth/session 200 in 476ms
 GET /api/auth/session 200 in 338ms
 GET /api/auth/session 200 in 332ms
 GET /api/auth/session 200 in 447ms
 GET /api/auth/session 200 in 336ms
 POST /api/bentoItems 200 in 383ms
 GET /api/bentoItems?_t=1778044795653 200 in 362ms
 GET /api/auth/session 200 in 442ms
 GET /api/auth/session 200 in 382ms
 GET / 200 in 285ms
 GET /api/auth/session 200 in 474ms
 GET /favicon.ico?favicon.7ed73651.ico 200 in 703ms
 GET /api/localizedStrings?_t=1778044813818 200 in 739ms
 GET /api/homepageContent/video 200 in 873ms
 GET /api/homepageContent/hero 200 in 884ms
 GET /api/homepageContent/map 200 in 880ms
 GET /api/settings/languages 200 in 940ms
 GET /api/auth/session 200 in -24897ms
 GET /api/localizedStrings?_t=1778044814963 200 in -24862ms
 GET /api/productCategories?_t=1778044814963 200 in -24729ms
 GET /api/localizedStrings?_t=1778044814964 200 in -24734ms
 GET /api/settings/languages 200 in -24742ms
 GET /api/settings/navigation 200 in -24730ms
 GET /api/localizedStrings?_t=1778044814965 200 in 671ms
 GET /api/bentoItems?_t=1778044814965 200 in 674ms
 GET /api/products?status=published&limit=8?_t=1778044814966 200 in 684ms
 GET /api/localizedStrings?_t=1778044814966 200 in 689ms
 GET /api/localizedStrings?_t=1778044814969 200 in 678ms
 GET /api/productCategories?_t=1778044814970 200 in 799ms
 GET /api/homepageContent/bento 200 in 817ms
 GET /api/localizedStrings?_t=1778044814970 200 in 851ms
 GET /api/bentoItems?_t=1778044814971 200 in 700ms
 GET /api/products?status=published&limit=8?_t=1778044814971 200 in 963ms
 GET /api/localizedStrings?_t=1778044814971 200 in 970ms
 GET /api/settings/languages 200 in 947ms
 GET /api/auth/session 200 in 1009ms
 GET /api/settings/navigation 200 in 1011ms
 GET /api/localizedStrings?_t=1778044814966 200 in 733ms
 GET /api/homepageContent/bento 200 in 854ms
 GET /api/localizedStrings?_t=1778044814970 200 in 884ms
 GET /api/localizedStrings?_t=1778044814971 200 in 888ms
 GET /api/settings/languages 200 in 819ms
 GET /api/settings/languages 200 in 26417ms
 GET /api/auth/session 200 in 26631ms
 GET /api/settings/languages 200 in -25266ms
 GET /api/auth/session 200 in -25264ms
 GET /api/settings/languages 200 in 427ms
 GET /api/auth/session 200 in 562ms
 GET /api/settings/languages 200 in 631ms
 GET /api/auth/session 200 in 636ms
 GET /api/settings/languages 200 in 581ms
 GET /api/auth/session 200 in 599ms
 GET /api/productionSteps?_t=1778044821583 200 in 719ms
 GET /api/caseStudies?_t=1778044821584 200 in 720ms
 GET /api/caseStudies?_t=1778044821585 200 in 719ms
 GET /api/productionSteps?_t=1778044821584 200 in 724ms
 GET /api/settings/languages 200 in 805ms
 GET /api/auth/session 200 in 828ms
 GET /api/settings/languages 200 in 392ms
 ⨯ The requested resource "https://placehold.co/800x600?text=Retail+Case" has type "image/svg+xml" but dangerouslyAllowSVG is disabled. Consider adding the "unoptimized" property to the <Image>.
 GET /api/auth/session 200 in 509ms
 GET /api/auth/session 200 in 342ms
 GET /api/auth/session 200 in 335ms
 GET /api/auth/session 200 in 457ms
 GET /api/auth/session 200 in 25988ms
 GET /api/auth/session 200 in -25231ms
 GET /api/auth/session 200 in 442ms
 GET /api/auth/session 200 in 332ms
 GET /api/auth/session 200 in 334ms
 GET /api/auth/session 200 in 447ms
 GET /api/auth/session 200 in 331ms
 GET /api/auth/session 200 in 331ms
 GET /api/auth/session 200 in 440ms
 GET /api/auth/session 200 in 336ms
 POST /api/bentoItems 200 in 349ms
 GET /api/bentoItems?_t=1778044886748 200 in 323ms
 GET /api/auth/session 200 in 459ms
 GET / 200 in 290ms
 GET /api/auth/session 200 in 433ms
 GET /api/auth/session 200 in 677ms
 GET /favicon.ico?favicon.7ed73651.ico 200 in 764ms
 GET /api/localizedStrings?_t=1778044902440 200 in 775ms
 GET /api/homepageContent/hero 200 in 1001ms
 GET /api/homepageContent/video 200 in 973ms
 GET /api/homepageContent/map 200 in 975ms
 GET /api/settings/languages 200 in 594ms
 GET /api/auth/session 200 in 892ms
 GET /api/localizedStrings?_t=1778044903580 200 in 801ms
 GET /api/productCategories?_t=1778044903581 200 in 26545ms
 GET /api/settings/languages 200 in 26543ms
 GET /api/localizedStrings?_t=1778044903581 200 in 26543ms
 GET /api/settings/navigation 200 in 26537ms
 GET /api/localizedStrings?_t=1778044903582 200 in 26141ms
 GET /api/bentoItems?_t=1778044903583 200 in -24980ms
 GET /api/products?status=published&limit=8?_t=1778044903583 200 in -24859ms
 GET /api/localizedStrings?_t=1778044903583 200 in -24853ms
 GET /api/localizedStrings?_t=1778044903585 200 in -24850ms
 GET /api/productCategories?_t=1778044903586 200 in -24858ms
 GET /api/homepageContent/bento 200 in -24860ms
 GET /api/localizedStrings?_t=1778044903586 200 in 934ms
 GET /api/bentoItems?_t=1778044903587 200 in 929ms
 GET /api/products?status=published&limit=8?_t=1778044903587 200 in 931ms
 GET /api/localizedStrings?_t=1778044903587 200 in 938ms
 GET /api/settings/languages 200 in 921ms
 GET /api/auth/session 200 in 973ms
 GET /api/localizedStrings?_t=1778044903583 200 in 644ms
 GET /api/localizedStrings?_t=1778044903586 200 in 647ms
 GET /api/localizedStrings?_t=1778044903587 200 in 791ms
 GET /api/homepageContent/bento 200 in 772ms
 GET /api/settings/navigation 200 in 778ms
 GET /api/settings/languages 200 in 732ms
 GET /api/settings/languages 200 in 636ms
 GET /api/auth/session 200 in 669ms
 GET /api/settings/languages 200 in 400ms
 GET /api/auth/session 200 in 397ms
 GET /api/settings/languages 200 in 385ms
 GET /api/auth/session 200 in 517ms
 GET /api/settings/languages 200 in 683ms
 GET /api/productionSteps?_t=1778044908800 200 in 653ms
 GET /api/productionSteps?_t=1778044908801 200 in 650ms
 GET /api/auth/session 200 in 679ms
 GET /api/settings/languages 200 in 523ms
 GET /api/caseStudies?_t=1778044909542 200 in -25167ms
 GET /api/caseStudies?_t=1778044909543 200 in -25166ms
 GET /api/settings/languages 200 in 328ms
 ⨯ The requested resource "https://placehold.co/800x600?text=Retail+Case" has type "image/svg+xml" but dangerouslyAllowSVG is disabled. Consider adding the "unoptimized" property to the <Image>.
 GET /api/settings/languages 200 in 443ms
 GET /api/auth/session 200 in -25190ms
 GET /api/auth/session 200 in 498ms
 GET /api/auth/session 200 in 325ms
 GET /api/auth/session 200 in 443ms
 GET /api/auth/session 200 in 330ms
 GET /api/auth/session 200 in 440ms
 GET /api/auth/session 200 in 324ms
 GET /api/auth/session 200 in 321ms
 GET /api/auth/session 200 in 433ms
 GET /api/auth/session 200 in 328ms
 GET /api/auth/session 200 in 452ms
 GET /api/auth/session 200 in 327ms
 GET /api/auth/session 200 in 347ms
 GET /api/auth/session 200 in 439ms
 GET /api/auth/session 200 in 333ms
 GET /api/auth/session 200 in 449ms
 GET /api/auth/session 200 in 326ms
 GET /api/auth/session 200 in 330ms
 GET /api/auth/session 200 in 443ms
 GET /api/auth/session 200 in 338ms
 GET /api/auth/session 200 in 482ms
 GET /api/auth/session 200 in 321ms
 GET /api/auth/session 200 in 317ms
 GET /api/auth/session 200 in 427ms
 GET /api/auth/session 200 in 319ms
 GET /api/auth/session 200 in 463ms
 GET /api/auth/session 200 in 330ms
 GET /api/auth/session 200 in 333ms
 GET /api/auth/session 200 in 443ms
 GET /api/auth/session 200 in 337ms
 GET /api/auth/session 200 in 26135ms
 GET /api/auth/session 200 in -25300ms
 GET /api/auth/session 200 in 330ms
 GET /api/auth/session 200 in 504ms
 GET /api/auth/session 200 in 322ms
 GET /api/auth/session 200 in 452ms
 GET /api/auth/session 200 in 332ms
 GET /api/auth/session 200 in 324ms
 GET /api/auth/session 200 in 436ms
 GET /api/auth/session 200 in 330ms
 GET /api/auth/session 200 in 428ms
 GET /api/auth/session 200 in 320ms
 GET /api/auth/session 200 in 321ms
 GET /api/auth/session 200 in 440ms
 GET /api/auth/session 200 in 327ms
 GET /api/auth/session 200 in 442ms
 GET /api/auth/session 200 in 339ms
 GET /api/auth/session 200 in 25952ms
 GET /api/auth/session 200 in -25212ms
 GET /api/auth/session 200 in 336ms
 GET /api/auth/session 200 in 434ms
 GET /api/auth/session 200 in 327ms
 GET /api/auth/session 200 in 336ms
 GET /api/auth/session 200 in 439ms
 GET /api/auth/session 200 in 324ms
 GET /api/auth/session 200 in 504ms
 GET /api/auth/session 200 in 322ms
 GET /api/auth/session 200 in 320ms
 GET /api/auth/session 200 in 418ms
 GET /api/auth/session 200 in 326ms
 GET /api/auth/session 200 in 428ms
 GET /api/auth/session 200 in 352ms
 GET /api/auth/session 200 in -25449ms
 GET /api/auth/session 200 in 440ms
 GET /api/auth/session 200 in 331ms
 ✓ Compiled in 311ms
 ✓ Compiled in 1ms
 GET /api/bentoItems?_t=1778045052754 200 in 658ms
 GET /api/productCategories?_t=1778045052755 200 in 967ms
 GET /api/homepageContent/hero 200 in 967ms
 GET /api/homepageContent/video 200 in 964ms
 GET /api/homepageContent/bento 200 in 966ms
 GET /api/settings/ai 200 in 960ms
 GET /api/localizedStrings?_t=1778045052755 200 in 364ms
 GET /api/galleryAssets?_t=1778045053871 200 in 483ms
 GET /api/galleryCategories?_t=1778045053871 200 in 486ms
 GET /api/galleryAssets?_t=1778045053873 200 in 489ms
 GET /api/galleryCategories?_t=1778045053873 200 in 490ms
 GET /api/auth/session 200 in 450ms
 GET /api/auth/session 200 in 333ms
 GET /api/auth/session 200 in 332ms
 GET /api/auth/session 200 in 442ms
 GET /api/auth/session 200 in 337ms
 GET /api/auth/session 200 in 463ms
 GET /api/auth/session 200 in 344ms
 GET /api/auth/session 200 in 330ms
 GET /api/auth/session 200 in 451ms
 GET /api/auth/session 200 in 330ms
 GET /api/auth/session 200 in 446ms
 GET /api/auth/session 200 in 332ms
 GET /api/auth/session 200 in 25971ms
 GET /api/auth/session 200 in -25170ms
 GET /api/auth/session 200 in 319ms
 GET /api/auth/session 200 in 334ms
 GET /api/auth/session 200 in 449ms
 GET /api/auth/session 200 in 339ms
 GET /api/auth/session 200 in 334ms
 GET /api/auth/session 200 in 438ms
 GET /api/auth/session 200 in 444ms
 GET /api/auth/session 200 in 332ms
 GET /api/auth/session 200 in 326ms
 GET /api/auth/session 200 in 446ms
 GET /api/auth/session 200 in 334ms
 GET /api/auth/session 200 in 319ms
 GET /api/auth/session 200 in 474ms
 GET /api/auth/session 200 in 327ms
 GET /api/auth/session 200 in 328ms
 GET /api/auth/session 200 in 443ms
 ✓ Compiled in 192ms
 GET /api/bentoItems?_t=1778045157366 200 in 725ms
 GET /api/productCategories?_t=1778045157366 200 in 723ms
 GET /api/localizedStrings?_t=1778045157366 200 in 729ms
 GET /api/homepageContent/hero 200 in 712ms
 GET /api/homepageContent/video 200 in 724ms
 GET /api/homepageContent/bento 200 in 726ms
 GET /api/settings/ai 200 in 939ms
 GET /api/galleryAssets?_t=1778045158245 200 in 850ms
 GET /api/galleryCategories?_t=1778045158245 200 in 851ms
 GET /api/galleryAssets?_t=1778045158247 200 in 854ms
 GET /api/galleryCategories?_t=1778045158247 200 in 855ms
 GET /api/auth/session 200 in 993ms
 GET /api/auth/session 200 in 325ms
 GET /api/auth/session 200 in 325ms
 GET /api/auth/session 200 in 26110ms
 GET /api/auth/session 200 in -25447ms
 ✓ Compiled in 180ms
 GET /api/bentoItems?_t=1778045170301 200 in -25033ms
 GET /api/productCategories?_t=1778045170301 200 in -25033ms
 GET /api/localizedStrings?_t=1778045170302 200 in -25030ms
 GET /api/homepageContent/hero 200 in -24917ms
 GET /api/homepageContent/video 200 in -24915ms
 GET /api/homepageContent/bento 200 in -24914ms
 GET /api/settings/ai 200 in 514ms
 GET /api/galleryAssets?_t=1778045171182 200 in 716ms
 GET /api/galleryCategories?_t=1778045171182 200 in 730ms
 GET /api/galleryAssets?_t=1778045171184 200 in 733ms
 GET /api/galleryCategories?_t=1778045171184 200 in 729ms
 GET /api/auth/session 200 in 470ms
 GET /api/auth/session 200 in 332ms
 GET /api/auth/session 200 in 327ms
 GET /api/auth/session 200 in 460ms
 GET /api/auth/session 200 in 330ms
 GET /api/auth/session 200 in 467ms
 GET /api/auth/session 200 in 335ms
 GET /api/auth/session 200 in 332ms
 GET /api/auth/session 200 in 442ms
 GET /api/auth/session 200 in 332ms
 GET /api/auth/session 200 in 26107ms
 GET /api/auth/session 200 in 328ms
 GET /api/auth/session 200 in 336ms
 GET /api/auth/session 200 in 440ms
 GET /api/auth/session 200 in 330ms
 GET /api/auth/session 200 in 334ms
 GET /api/auth/session 200 in -24194ms
 GET /api/auth/session 200 in 342ms
 GET /api/auth/session 200 in 325ms
 GET /api/auth/session 200 in 447ms
 GET /api/auth/session 200 in 327ms
 GET /api/auth/session 200 in 327ms
 GET /api/auth/session 200 in 433ms
 GET /api/auth/session 200 in 24965ms
 GET /api/auth/session 200 in 325ms
 GET /api/auth/session 200 in 431ms
 GET /api/auth/session 200 in 327ms
 GET /api/auth/session 200 in 314ms
 GET /api/auth/session 200 in 439ms
 GET /api/auth/session 200 in 323ms
 GET /api/auth/session 200 in 330ms
 GET /api/auth/session 200 in 458ms
 GET /api/auth/session 200 in 317ms
 GET /api/auth/session 200 in 26066ms
 GET /api/auth/session 200 in -25352ms
 GET /api/auth/session 200 in 523ms
 GET /api/auth/session 200 in 317ms
 GET /api/auth/session 200 in 318ms
 GET /api/auth/session 200 in 424ms
 GET /api/auth/session 200 in 317ms
 ✓ Compiled in 292ms
 GET /api/bentoItems?_t=1778045226447 200 in 711ms
 GET /api/productCategories?_t=1778045226447 200 in 710ms
 GET /api/localizedStrings?_t=1778045226447 200 in 703ms
 GET /api/homepageContent/hero 200 in 697ms
 GET /api/homepageContent/video 200 in 699ms
 GET /api/homepageContent/bento 200 in 702ms
 GET /api/settings/ai 200 in 520ms
 GET /api/galleryAssets?_t=1778045227277 200 in 728ms
 GET /api/galleryCategories?_t=1778045227277 200 in 726ms
 GET /api/galleryAssets?_t=1778045227279 200 in 723ms
 GET /api/galleryCategories?_t=1778045227279 200 in 724ms
 GET /api/auth/session 200 in 476ms
 GET /api/auth/session 200 in 329ms
 GET /api/auth/session 200 in 26006ms
 GET /api/auth/session 200 in 437ms
 GET /api/auth/session 200 in 335ms
 GET /api/auth/session 200 in 505ms
 GET /api/auth/session 200 in 331ms
 GET /api/auth/session 200 in 25968ms
 GET /api/auth/session 200 in -25193ms
 GET /api/auth/session 200 in 325ms
 GET /api/auth/session 200 in 324ms
 GET /api/auth/session 200 in 440ms
 GET /api/auth/session 200 in 324ms
 GET /api/auth/session 200 in 332ms
 GET /api/auth/session 200 in 448ms
 GET /api/auth/session 200 in 457ms
 GET /api/auth/session 200 in 332ms
 GET /api/auth/session 200 in 337ms
 GET /api/auth/session 200 in 444ms
 GET /api/auth/session 200 in 328ms
 GET /api/auth/session 200 in 327ms
 GET /api/auth/session 200 in 458ms
 ✓ Compiled in 296ms
 GET /api/auth/session 200 in 26049ms
 GET /api/auth/session 200 in -24696ms
 GET /api/bentoItems?_t=1778045330417 200 in -24537ms
 GET /api/homepageContent/hero 200 in -24294ms
 GET /api/homepageContent/video 200 in -24296ms
 GET /api/homepageContent/bento 200 in -24296ms
 GET /api/settings/ai 200 in -24300ms
 GET /api/productCategories?_t=1778045330417 200 in 481ms
 GET /api/localizedStrings?_t=1778045330417 200 in 2147ms
 GET /api/auth/session 200 in 2617ms
 GET /api/galleryAssets?_t=1778045331909 200 in 3051ms
 GET /api/galleryAssets?_t=1778045331911 200 in 3164ms
 GET /api/galleryCategories?_t=1778045331909 200 in 3278ms
 GET /api/galleryCategories?_t=1778045331911 200 in 3310ms
 GET /api/auth/session 200 in 486ms
 GET /api/auth/session 200 in 329ms
 GET /api/auth/session 200 in 339ms
 GET /api/auth/session 200 in 462ms
 GET /api/auth/session 200 in 344ms
 GET /api/auth/session 200 in 436ms
 GET /api/auth/session 200 in 338ms
 GET /api/auth/session 200 in 328ms
 GET /api/auth/session 200 in 440ms
 GET /api/auth/session 200 in 398ms
 ✓ Compiled in 188ms
 GET /api/auth/session 200 in 505ms
 GET /api/bentoItems?_t=1778045390846 200 in 637ms
 GET /api/localizedStrings?_t=1778045390846 200 in 760ms
 GET /api/productCategories?_t=1778045390846 200 in 770ms
 GET /api/homepageContent/hero 200 in 762ms
 GET /api/homepageContent/bento 200 in 763ms
 GET /api/homepageContent/video 200 in 774ms
 GET /api/settings/ai 200 in 800ms
 GET /api/auth/session 200 in 801ms
 GET /api/galleryAssets?_t=1778045391755 200 in 831ms
 GET /api/galleryCategories?_t=1778045391755 200 in 827ms
 GET /api/galleryAssets?_t=1778045391756 200 in 830ms
 GET /api/galleryCategories?_t=1778045391757 200 in 824ms
 GET /api/auth/session 200 in 381ms
 GET /api/auth/session 200 in 343ms
 GET /api/auth/session 200 in 439ms
 GET /api/auth/session 200 in 321ms
 GET /api/auth/session 200 in 337ms
 GET /api/auth/session 200 in 435ms
 GET /api/auth/session 200 in 337ms
 GET /api/auth/session 200 in 25970ms
 GET /api/auth/session 200 in -25245ms
 GET /api/auth/session 200 in 334ms
 GET /api/auth/session 200 in 335ms
 GET /api/auth/session 200 in 550ms
 GET /api/auth/session 200 in 333ms
 GET /api/auth/session 200 in 428ms
 GET /api/auth/session 200 in 325ms
 GET /api/auth/session 200 in 323ms
 GET /api/auth/session 200 in 435ms
 GET /api/auth/session 200 in 25991ms
 GET /api/auth/session 200 in 437ms
 GET /api/auth/session 200 in 25975ms
 GET /api/auth/session 200 in -25315ms
 GET /api/auth/session 200 in 453ms
 GET /api/auth/session 200 in 323ms
 ○ Compiling /admin/translations ...
 ✓ Compiled /admin/translations in 27.6s
 GET /admin/translations 200 in 27826ms
 GET /api/localizedStrings?_t=1778045441589 200 in 633ms
 GET /api/productCategories?_t=1778045441589 200 in 643ms
 GET /api/galleryCategories?_t=1778045441589 200 in 643ms
 GET /api/settings/ai 200 in 748ms
 GET /api/products?_t=1778045441589 200 in 783ms
 GET /api/settings/languages 200 in 755ms
 GET /api/localizedStrings?_t=1778045441591 200 in 689ms
 GET /api/products?_t=1778045441591 200 in 699ms
 GET /api/productCategories?_t=1778045441591 200 in 701ms
 GET /api/galleryCategories?_t=1778045441591 200 in 695ms
 GET /api/settings/ai 200 in 689ms
 GET /api/settings/languages 200 in 690ms
 GET /admin/home 200 in 873ms
 GET /api/bentoItems?_t=1778045448335 200 in 569ms
 GET /api/localizedStrings?_t=1778045448336 200 in 570ms
 GET /api/productCategories?_t=1778045448336 200 in 694ms
 GET /api/homepageContent/video 200 in 681ms
 GET /api/homepageContent/hero 200 in 683ms
 GET /api/homepageContent/bento 200 in 685ms
 GET /api/bentoItems?_t=1778045448337 200 in 646ms
 GET /api/productCategories?_t=1778045448337 200 in 646ms
 GET /api/localizedStrings?_t=1778045448338 200 in 652ms
 GET /api/settings/ai 200 in 777ms
 GET /api/homepageContent/video 200 in 775ms
 GET /api/homepageContent/hero 200 in 777ms
 GET /api/galleryAssets?_t=1778045449110 200 in 684ms
 GET /api/galleryCategories?_t=1778045449111 200 in 827ms
 GET /api/galleryAssets?_t=1778045449112 200 in 828ms
 GET /api/galleryCategories?_t=1778045449112 200 in 830ms
 GET /api/homepageContent/bento 200 in 821ms
 GET /api/settings/ai 200 in 741ms
 GET /api/auth/session 200 in -25230ms
 GET /api/auth/session 200 in 339ms
 GET /api/auth/session 200 in 326ms
 GET /api/auth/session 200 in 449ms
 GET /api/auth/session 200 in 331ms
 GET /api/auth/session 200 in 332ms
 GET /api/auth/session 200 in 438ms
 GET /api/auth/session 200 in 332ms
 GET /api/auth/session 200 in 347ms
 GET /api/auth/session 200 in 442ms
 GET /api/auth/session 200 in 587ms
 GET /api/auth/session 200 in 337ms
 GET /api/auth/session 200 in 323ms
 GET /api/auth/session 200 in 448ms
 GET /api/auth/session 200 in 322ms
 GET /api/auth/session 200 in 453ms
 GET /api/auth/session 200 in 336ms
 GET /api/auth/session 200 in 340ms
 GET /api/auth/session 200 in 457ms
 GET /api/auth/session 200 in 321ms
 GET /api/auth/session 200 in 448ms
 GET /api/auth/session 200 in 328ms
 GET /api/auth/session 200 in 25977ms
 GET /api/auth/session 200 in 357ms
 GET /api/auth/session 200 in -25367ms
 GET /api/auth/session 200 in 454ms
 GET /api/auth/session 200 in 331ms
 GET /api/auth/session 200 in 25985ms
 GET /api/auth/session 200 in -25208ms
 GET /api/auth/session 200 in 322ms
 GET /api/auth/session 200 in 436ms
 GET /api/auth/session 200 in 327ms
 GET /api/auth/session 200 in 334ms
 GET /api/auth/session 200 in 518ms
 GET /api/auth/session 200 in 324ms
 GET /api/auth/session 200 in 444ms
 GET /api/auth/session 200 in 338ms
 GET /api/auth/session 200 in 344ms
 GET /api/auth/session 200 in 442ms
 GET /api/auth/session 200 in 323ms
 GET /api/auth/session 200 in 479ms
 GET /api/auth/session 200 in 25998ms
 GET /api/auth/session 200 in 335ms
 GET /api/auth/session 200 in 461ms
 GET /api/auth/session 200 in 323ms
 ✓ Compiled in 185ms
 ✓ Compiled in 226ms
 ⚠ Fast Refresh had to perform a full reload due to a runtime error.
 GET /api/profile 200 in 1559ms
 GET /api/settings/ai 200 in 1534ms
 GET /api/auth/session 200 in 1547ms
 GET /admin/home 200 in 1550ms
 GET /api/auth/session 200 in 26449ms
 GET /favicon.ico?favicon.7ed73651.ico 200 in -25033ms
 GET /api/settings/ai 200 in -25072ms
 GET /api/profile 200 in -24903ms
 GET /api/auth/session 200 in 602ms
 GET /api/auth/session 200 in 336ms
 GET /api/auth/session 200 in 317ms
 GET /api/auth/session 200 in 581ms
 GET /api/bentoItems?_t=1778045657591 200 in 837ms
 GET /api/homepageContent/hero 200 in 816ms
 GET /api/homepageContent/video 200 in 817ms
 GET /api/productCategories?_t=1778045657592 200 in 849ms
 GET /api/homepageContent/bento 200 in 847ms
 GET /api/localizedStrings?_t=1778045657592 200 in 466ms
 GET /api/bentoItems?_t=1778045657596 200 in 667ms
 GET /api/productCategories?_t=1778045657596 200 in 802ms
 GET /api/settings/ai 200 in 782ms
 GET /api/localizedStrings?_t=1778045657596 200 in 782ms
 GET /api/homepageContent/hero 200 in 818ms
 GET /api/auth/session 200 in 955ms
 GET /api/galleryAssets?_t=1778045658523 200 in 829ms
 GET /api/homepageContent/video 200 in 818ms
 GET /api/galleryAssets?_t=1778045658525 200 in 815ms
 GET /api/galleryCategories?_t=1778045658523 200 in 853ms
 GET /api/homepageContent/bento 200 in 836ms
 GET /api/galleryCategories?_t=1778045658525 200 in 805ms
 GET /api/settings/ai 200 in 617ms
 GET /api/auth/session 200 in 625ms
 GET /api/auth/session 200 in 319ms
 GET /api/auth/session 200 in 471ms
 GET /api/auth/session 200 in 325ms
 GET /api/auth/session 200 in 324ms
 GET /api/auth/session 200 in 25305ms
 GET /api/auth/session 200 in -25321ms
 GET /api/auth/session 200 in 327ms
 GET /api/auth/session 200 in 449ms
 GET /api/auth/session 200 in 325ms
 GET /api/auth/session 200 in 329ms
 GET /api/auth/session 200 in 456ms
 GET /api/auth/session 200 in 472ms
 GET /api/auth/session 200 in 335ms
 GET /api/auth/session 200 in 327ms
 GET /api/auth/session 200 in 325ms
 GET /api/auth/session 200 in -24214ms
 GET /api/auth/session 200 in 437ms
 GET /api/auth/session 200 in 331ms
 GET /api/auth/session 200 in 324ms
 GET /api/auth/session 200 in 461ms
 GET /api/auth/session 200 in 325ms
 GET /api/auth/session 200 in 447ms
 GET /api/auth/session 200 in 322ms
 GET /api/auth/session 200 in 327ms
 GET /api/auth/session 200 in 446ms
 GET /api/auth/session 200 in 319ms
 GET /api/auth/session 200 in 450ms
 GET /api/auth/session 200 in 323ms
 GET /api/auth/session 200 in 323ms
 GET /api/auth/session 200 in 446ms
 GET /api/auth/session 200 in 330ms
 GET /api/auth/session 200 in 452ms
 GET /api/auth/session 200 in 347ms
 GET /api/auth/session 200 in 25987ms
 GET /api/auth/session 200 in -25215ms
 GET /api/auth/session 200 in 333ms
 ✓ Compiled in 340ms
 GET /api/bentoItems?_t=1778045756663 200 in 639ms
 GET /api/productCategories?_t=1778045756664 200 in 780ms
 GET /api/homepageContent/hero 200 in 759ms
 GET /api/localizedStrings?_t=1778045756664 200 in 789ms
 GET /api/homepageContent/video 200 in 767ms
 GET /api/homepageContent/bento 200 in 769ms
 GET /api/settings/ai 200 in 559ms
 GET /api/galleryAssets?_t=1778045757573 200 in 713ms
 GET /api/galleryAssets?_t=1778045757575 200 in 712ms
 GET /api/galleryCategories?_t=1778045757575 200 in 726ms
 GET /api/galleryCategories?_t=1778045757573 200 in 729ms
 GET /api/auth/session 200 in 433ms
 GET /api/auth/session 200 in 318ms
 GET /api/auth/session 200 in 315ms
 GET /api/auth/session 200 in 442ms
 GET /api/auth/session 200 in 391ms
 GET /api/auth/session 200 in 447ms
 GET /api/auth/session 200 in 322ms
 GET /api/auth/session 200 in 319ms
 GET /api/auth/session 200 in 453ms
 GET /api/auth/session 200 in 325ms
 ✓ Compiled /api/bentoItems/[id] in 378ms
 PUT /api/bentoItems/cmotlyork0000ukpwy7tydtim 200 in 1734ms
 GET /api/bentoItems?_t=1778045783681 200 in 318ms
 PUT /api/bentoItems/cmotlyork0000ukpwy7tydtim 200 in 458ms
 GET /api/bentoItems?_t=1778045789236 200 in 324ms
 GET /api/auth/session 200 in 438ms
 GET / 200 in 247ms
 GET /api/auth/session 200 in 393ms
 GET /api/auth/session 200 in 485ms
 GET /favicon.ico?favicon.7ed73651.ico 200 in 656ms
 GET /api/localizedStrings?_t=1778045795284 200 in 797ms
 GET /api/homepageContent/hero 200 in 26694ms
 GET /api/homepageContent/video 200 in 26691ms
 GET /api/homepageContent/map 200 in 26689ms
 GET /api/settings/languages 200 in 26629ms
 GET /api/auth/session 200 in 888ms
 GET /api/localizedStrings?_t=1778045796444 200 in -24867ms
 GET /api/productCategories?_t=1778045796445 200 in -24877ms
 GET /api/localizedStrings?_t=1778045796445 200 in -24861ms
 GET /api/settings/languages 200 in -24871ms
 GET /api/settings/navigation 200 in -24876ms
 GET /api/localizedStrings?_t=1778045796446 200 in 510ms
 GET /api/bentoItems?_t=1778045796447 200 in 574ms
 GET /api/localizedStrings?_t=1778045796447 200 in 714ms
 GET /api/localizedStrings?_t=1778045796450 200 in 718ms
 GET /api/products?status=published&limit=8?_t=1778045796447 200 in 723ms
 GET /api/homepageContent/bento 200 in 712ms
 GET /api/productCategories?_t=1778045796450 200 in 713ms
 GET /api/localizedStrings?_t=1778045796451 200 in 596ms
 GET /api/bentoItems?_t=1778045796451 200 in 596ms
 GET /api/products?status=published&limit=8?_t=1778045796451 200 in 743ms
 GET /api/localizedStrings?_t=1778045796452 200 in 748ms
 GET /api/productionSteps?_t=1778045796905 200 in 731ms
 GET /api/auth/session 200 in 771ms
 GET /api/localizedStrings?_t=1778045796447 200 in 810ms
 GET /api/settings/languages 200 in 800ms
 GET /api/settings/navigation 200 in 941ms
 GET /api/localizedStrings?_t=1778045796450 200 in 921ms
 GET /api/homepageContent/bento 200 in 902ms
 GET /api/localizedStrings?_t=1778045796451 200 in 906ms
 GET /api/productionSteps?_t=1778045796905 200 in 449ms
 GET /api/settings/languages 200 in 424ms
 GET /api/auth/session 200 in 587ms
 GET /api/settings/languages 200 in 506ms
 GET /api/auth/session 200 in 487ms
 GET /api/settings/languages 200 in 26016ms
 GET /api/auth/session 200 in 26016ms
 GET /api/settings/languages 200 in -24863ms
 GET /api/caseStudies?_t=1778045801295 200 in -24915ms
 GET /api/caseStudies?_t=1778045801294 200 in -24913ms
 GET /api/auth/session 200 in -24854ms
 GET /api/settings/languages 200 in 437ms
 GET /api/auth/session 200 in 426ms
 ⨯ The requested resource "https://placehold.co/800x600?text=Retail+Case" has type "image/svg+xml" but dangerouslyAllowSVG is disabled. Consider adding the "unoptimized" property to the <Image>.
 GET /api/settings/languages 200 in 328ms
 GET /api/settings/languages 200 in 454ms
 GET /api/settings/languages 200 in 314ms
 GET /api/auth/session 200 in 423ms
 GET /api/auth/session 200 in 484ms
 GET /api/auth/session 200 in 320ms
 GET /api/auth/session 200 in 26118ms
 GET /api/auth/session 200 in -25343ms
 GET /api/auth/session 200 in 419ms
 GET /api/auth/session 200 in 25990ms
 GET /api/auth/session 200 in -25347ms
 GET /api/auth/session 200 in 428ms
 GET /api/auth/session 200 in 321ms
 GET /api/auth/session 200 in 455ms
 GET /api/auth/session 200 in 334ms
 GET /api/auth/session 200 in 326ms
 GET /api/auth/session 200 in 445ms
 GET /api/auth/session 200 in 320ms
 GET /api/auth/session 200 in 472ms
 GET /api/auth/session 200 in 332ms
 GET /api/auth/session 200 in 319ms
 GET /api/auth/session 200 in 327ms
 GET /api/auth/session 200 in 438ms
 GET /api/auth/session 200 in 451ms
 GET /api/auth/session 200 in 327ms
 GET /api/auth/session 200 in 317ms
 GET /api/auth/session 200 in -25275ms
 GET /api/auth/session 200 in 319ms
 GET /api/auth/session 200 in 540ms
 GET /api/auth/session 200 in 326ms
 GET /api/auth/session 200 in 313ms
 GET /api/auth/session 200 in 443ms
 GET /api/auth/session 200 in 334ms
 GET /api/auth/session 200 in 451ms
 GET /api/auth/session 200 in 333ms
 GET /api/auth/session 200 in 337ms
 GET /api/auth/session 200 in 438ms
 GET /api/auth/session 200 in 324ms
 GET /api/auth/session 200 in 26003ms
 GET /api/auth/session 200 in -25207ms
 GET /api/auth/session 200 in 357ms
 GET /api/auth/session 200 in 325ms
 GET /api/auth/session 200 in 439ms
 GET /api/auth/session 200 in 322ms
 GET /api/auth/session 200 in 316ms
 GET /api/auth/session 200 in 421ms
 GET /api/auth/session 200 in 342ms
 GET /api/auth/session 200 in 322ms
 GET /api/auth/session 200 in 453ms
 GET /api/auth/session 200 in 333ms
 GET /api/auth/session 200 in 351ms
 GET /api/auth/session 200 in 26115ms
 GET /api/auth/session 200 in -25353ms
 ✓ Compiled in 164ms
 GET /api/localizedStrings?_t=1778045904458 200 in 671ms
 GET /api/bentoItems?_t=1778045904459 200 in 671ms
 GET /api/settings/languages 200 in 650ms
 GET /api/homepageContent/bento 200 in 785ms
 GET /api/auth/session 200 in 26118ms
 GET /api/auth/session 200 in -25338ms
 GET /api/auth/session 200 in 331ms
 GET /api/auth/session 200 in 437ms
 GET /api/auth/session 200 in 325ms
 GET / 200 in 705ms
 GET /favicon.ico?favicon.7ed73651.ico 200 in 408ms
 GET /api/auth/session 200 in 582ms
 GET /api/localizedStrings?_t=1778045998103 200 in 710ms
 GET /api/homepageContent/hero 200 in 710ms
 GET /api/homepageContent/video 200 in 704ms
 GET /api/homepageContent/map 200 in 709ms
 GET /api/settings/languages 200 in 843ms
 GET /api/auth/session 200 in 626ms
 GET /api/auth/session 200 in 569ms
 GET /api/localizedStrings?_t=1778045999382 200 in 626ms
 GET /api/settings/languages 200 in 634ms
 GET /api/productCategories?_t=1778045999384 200 in 653ms
 GET /api/localizedStrings?_t=1778045999387 200 in 638ms
 GET /api/settings/navigation 200 in 626ms
 GET /api/localizedStrings?_t=1778045999391 200 in 338ms
 GET /api/bentoItems?_t=1778045999394 200 in 727ms
 GET /api/homepageContent/bento 200 in 735ms
 GET /api/localizedStrings?_t=1778045999396 200 in 734ms
 GET /api/localizedStrings?_t=1778045999397 200 in 737ms
 GET /api/products?status=published&limit=8?_t=1778045999395 200 in 747ms
 GET /api/localizedStrings?_t=1778045999403 200 in 657ms
 GET /api/productCategories?_t=1778045999405 200 in 574ms
 GET /api/localizedStrings?_t=1778045999407 200 in 579ms
 GET /api/localizedStrings?_t=1778045999409 200 in 583ms
 GET /api/bentoItems?_t=1778045999411 200 in 596ms
 GET /api/products?status=published&limit=8?_t=1778045999412 200 in 601ms
 GET /api/localizedStrings?_t=1778045999413 200 in 606ms
 GET /api/localizedStrings?_t=1778045999414 200 in -25084ms
 GET /api/productionSteps?_t=1778045999796 200 in -24943ms
 GET /api/productionSteps?_t=1778045999798 200 in -24943ms
 GET /api/settings/languages 200 in -24823ms
 GET /api/settings/navigation 200 in -24852ms
 GET /api/auth/session 200 in -24750ms
 GET /api/homepageContent/bento 200 in 658ms
 GET /api/settings/languages 200 in 571ms
 GET /api/auth/session 200 in 562ms
 GET /api/settings/languages 200 in 438ms
 GET /api/settings/languages 200 in 316ms
 GET /api/settings/languages 200 in 324ms
 GET /api/settings/languages 200 in 444ms
 GET /api/settings/languages 200 in 331ms
 GET /api/settings/languages 200 in 321ms
 GET /api/settings/languages 200 in 562ms
 GET /api/caseStudies?_t=1778046005347 200 in 534ms
 GET /api/caseStudies?_t=1778046005349 200 in 536ms
 ⨯ The requested resource "https://placehold.co/800x600?text=Retail+Case" has type "image/svg+xml" but dangerouslyAllowSVG is disabled. Consider adding the "unoptimized" property to the <Image>.
 GET /api/auth/session 200 in 450ms
 GET /api/auth/session 200 in 326ms
 GET /api/auth/session 200 in 338ms
 GET /api/auth/session 200 in 444ms
 GET /api/auth/session 200 in 323ms
 GET /api/auth/session 200 in 465ms
 GET /api/auth/session 200 in 324ms
 GET /api/auth/session 200 in 337ms
 GET /api/auth/session 200 in 329ms
 GET /api/auth/session 200 in 436ms
 GET /api/auth/session 200 in 26123ms
 GET /api/auth/session 200 in -25494ms
 GET /api/auth/session 200 in 329ms
 GET /api/auth/session 200 in 447ms
 GET /api/auth/session 200 in 343ms
 GET /api/auth/session 200 in 26124ms
 GET /api/auth/session 200 in 326ms
 GET /api/auth/session 200 in 320ms
 GET /api/auth/session 200 in 441ms
 GET /api/auth/session 200 in 321ms
 GET /api/auth/session 200 in 476ms
 GET /api/auth/session 200 in 339ms
 GET /api/auth/session 200 in 319ms
 GET /api/auth/session 200 in 465ms
 GET /api/auth/session 200 in 324ms
 ✓ Compiled in 270ms
 GET /api/localizedStrings?_t=1778046109074 200 in 674ms
 GET /api/bentoItems?_t=1778046109079 200 in 654ms
 GET /api/settings/languages 200 in 658ms
 GET /api/homepageContent/bento 200 in 785ms
 POST /api/bentoItems 200 in 370ms
 GET /api/bentoItems?_t=1778046122713 200 in 311ms
 GET /api/auth/session 200 in 445ms
 GET /api/auth/session 200 in 322ms
 GET /api/auth/session 200 in 322ms
 GET /api/auth/session 200 in 438ms
 GET /api/auth/session 200 in 323ms
 GET /api/auth/session 200 in -25363ms
 GET /api/auth/session 200 in 984ms
 GET / 200 in 848ms
 GET /api/auth/session 200 in 466ms
 GET /favicon.ico?favicon.7ed73651.ico 200 in 641ms
 GET /api/auth/session 200 in 728ms
 GET /api/homepageContent/hero 200 in 1004ms
 GET /api/homepageContent/video 200 in 1006ms
 GET /api/homepageContent/map 200 in 962ms
 GET /api/localizedStrings?_t=1778046128893 200 in 946ms
 GET /api/settings/languages 200 in 730ms
 GET /api/auth/session 200 in 696ms
 GET /api/localizedStrings?_t=1778046130317 200 in 631ms
 GET /api/localizedStrings?_t=1778046130324 200 in 615ms
 GET /api/settings/languages 200 in 633ms
 GET /api/productCategories?_t=1778046130321 200 in 647ms
 GET /api/localizedStrings?_t=1778046130329 200 in 638ms
 GET /api/settings/navigation 200 in 635ms
 GET /api/bentoItems?_t=1778046130333 200 in 643ms
 GET /api/localizedStrings?_t=1778046130337 200 in 658ms
 GET /api/localizedStrings?_t=1778046130338 200 in 662ms
 GET /api/localizedStrings?_t=1778046130346 200 in 654ms
 GET /api/homepageContent/bento 200 in 784ms
 GET /api/products?status=published&limit=8?_t=1778046130335 200 in 802ms
 GET /api/productCategories?_t=1778046130348 200 in 598ms
 GET /api/localizedStrings?_t=1778046130350 200 in 585ms
 GET /api/localizedStrings?_t=1778046130352 200 in 610ms
 GET /api/bentoItems?_t=1778046130356 200 in 612ms
 GET /api/products?status=published&limit=8?_t=1778046130358 200 in 611ms
 GET /api/localizedStrings?_t=1778046130359 200 in 617ms
 GET /api/localizedStrings?_t=1778046130361 200 in 645ms
 GET /api/productionSteps?_t=1778046131000 200 in 633ms
 GET /api/productionSteps?_t=1778046130995 200 in 776ms
 GET /api/caseStudies?_t=1778046130997 200 in 778ms
 GET /api/settings/languages 200 in 763ms
 GET /api/settings/navigation 200 in 765ms
 GET /api/caseStudies?_t=1778046131001 200 in 527ms
 GET /api/homepageContent/bento 200 in 767ms
 GET /api/settings/languages 200 in 733ms
 GET /api/auth/session 200 in 788ms
 GET /api/settings/languages 200 in 525ms
 GET /api/auth/session 200 in 530ms
 GET /api/settings/languages 200 in 379ms
 GET /api/auth/session 200 in 507ms
 GET /api/settings/languages 200 in 512ms
 GET /api/auth/session 200 in 512ms
 GET /api/settings/languages 200 in 365ms
 ⨯ The requested resource "https://placehold.co/800x600?text=Retail+Case" has type "image/svg+xml" but dangerouslyAllowSVG is disabled. Consider adding the "unoptimized" property to the <Image>.
 GET /api/settings/languages 200 in 330ms
 GET /api/settings/languages 200 in 439ms
 GET /api/settings/languages 200 in 25996ms
 GET /api/auth/session 200 in 488ms
 GET /api/auth/session 200 in 347ms
 GET /api/auth/session 200 in 335ms
 GET /api/auth/session 200 in 323ms
 GET /api/auth/session 200 in 436ms
 ✓ Compiled in 244ms
 ✓ Compiled in 0ms
 GET /api/localizedStrings?_t=1778046383300 200 in 829ms
 GET /api/bentoItems?_t=1778046383304 200 in 802ms
 GET /api/settings/languages 200 in 798ms
 GET /api/homepageContent/bento 200 in 792ms
 GET /api/auth/session 200 in 475ms
 GET /api/auth/session 200 in 356ms
 GET /api/auth/session 200 in 325ms
 GET / 200 in 715ms
 GET /api/auth/session 200 in 1027ms
 GET /api/auth/session 200 in 487ms
 GET /favicon.ico?favicon.7ed73651.ico 200 in 590ms
 GET /api/localizedStrings?_t=1778046406824 200 in 766ms
 GET /api/homepageContent/hero 200 in 764ms
 GET /api/homepageContent/video 200 in 888ms
 GET /api/homepageContent/map 200 in 885ms
 GET /api/settings/languages 200 in 805ms
 GET /api/auth/session 200 in 706ms
 GET /api/localizedStrings?_t=1778046407899 200 in 673ms
 GET /api/localizedStrings?_t=1778046407903 200 in 670ms
 GET /api/settings/languages 200 in 817ms
 GET /api/productCategories?_t=1778046407901 200 in 847ms
 GET /api/settings/navigation 200 in 812ms
 GET /api/localizedStrings?_t=1778046407907 200 in 834ms
 GET /api/bentoItems?_t=1778046407911 200 in 686ms
 GET /api/localizedStrings?_t=1778046407914 200 in 841ms
 GET /api/localizedStrings?_t=1778046407915 200 in 846ms
 GET /api/homepageContent/bento 200 in 829ms
 GET /api/products?status=published&limit=8?_t=1778046407912 200 in 852ms
 GET /api/localizedStrings?_t=1778046407920 200 in 821ms
 GET /api/productCategories?_t=1778046407922 200 in 581ms
 GET /api/localizedStrings?_t=1778046407923 200 in 582ms
 GET /api/localizedStrings?_t=1778046407926 200 in 586ms
 GET /api/bentoItems?_t=1778046407928 200 in 601ms
 GET /api/products?status=published&limit=8?_t=1778046407929 200 in 604ms
 GET /api/localizedStrings?_t=1778046407930 200 in 601ms
 GET /api/localizedStrings?_t=1778046407931 200 in 938ms
 GET /api/settings/languages 200 in 1164ms
 GET /api/settings/navigation 200 in 1160ms
 GET /api/homepageContent/bento 200 in 1095ms
 GET /api/auth/session 200 in 1194ms
 GET /api/settings/languages 200 in 377ms
 GET /api/auth/session 200 in 383ms
 GET /api/settings/languages 200 in 508ms
 GET /api/auth/session 200 in 508ms
 GET /api/settings/languages 200 in 442ms
 GET /api/auth/session 200 in 440ms
 GET /api/settings/languages 200 in 332ms
 GET /api/auth/session 200 in 520ms
 GET /api/settings/languages 200 in 725ms
 GET /api/auth/session 200 in 644ms
 GET /api/productionSteps?_t=1778046413670 200 in 685ms
 GET /api/productionSteps?_t=1778046413673 200 in 684ms
 GET /api/caseStudies?_t=1778046413674 200 in 691ms
 GET /api/caseStudies?_t=1778046413671 200 in 703ms
 GET /api/settings/languages 200 in 392ms
 GET /api/auth/session 200 in 497ms
 GET /api/settings/languages 200 in 414ms
 ⨯ The requested resource "https://placehold.co/800x600?text=Retail+Case" has type "image/svg+xml" but dangerouslyAllowSVG is disabled. Consider adding the "unoptimized" property to the <Image>.
 GET /api/settings/languages 200 in 447ms
 GET /api/auth/session 200 in 621ms
 GET /api/auth/session 200 in 329ms
 GET /api/auth/session 200 in 323ms
 GET /api/auth/session 200 in 450ms
 GET /api/auth/session 200 in 332ms
 GET /api/auth/session 200 in 456ms
 GET /api/auth/session 200 in 325ms
 GET /api/auth/session 200 in 319ms
 GET /api/auth/session 200 in 433ms
 GET /api/auth/session 200 in 322ms
 GET /api/auth/session 200 in 442ms
 GET /api/auth/session 200 in 348ms
 GET /api/auth/session 200 in 326ms
 GET /api/auth/session 200 in 443ms
 GET /api/auth/session 200 in 322ms
 POST /api/bentoItems 200 in 337ms
 GET /api/bentoItems?_t=1778046469056 200 in 314ms
 GET /api/auth/session 200 in 447ms
 GET /api/auth/session 200 in 337ms
 GET /api/auth/session 200 in 332ms
 GET /api/auth/session 200 in 578ms
 ○ Compiling /products ...
 GET /api/auth/session 200 in 26071ms
 ✓ Compiled /products in 27s
 GET /products?lang=en 200 in 27133ms
 GET /api/products?_t=1778046473797 200 in -24848ms
 GET /api/localizedStrings?_t=1778046473803 200 in -24862ms
 GET /api/productCategories?_t=1778046473799 200 in -24709ms
 GET /api/products?_t=1778046473807 200 in -24714ms
 GET /api/settings/languages 200 in -24727ms
 GET /api/productCategories?_t=1778046473809 200 in -24750ms
 GET /api/localizedStrings?_t=1778046473812 200 in 385ms
 GET /api/settings/languages 200 in 369ms
 GET /api/settings/languages 200 in 307ms
 GET /api/localizedStrings?_t=1778046475078 200 in 598ms
 GET /api/productCategories?_t=1778046475081 200 in 728ms
 GET /api/localizedStrings?_t=1778046475084 200 in 722ms
 GET /api/localizedStrings?_t=1778046475090 200 in 725ms
 GET /api/settings/navigation 200 in 718ms
 GET /api/productCategories?_t=1778046475092 200 in 533ms
 GET /api/localizedStrings?_t=1778046475094 200 in 439ms
 GET /api/settings/languages 200 in 409ms
 GET /api/settings/navigation 200 in 416ms
 GET /api/settings/languages 200 in 309ms
 GET /api/settings/languages 200 in 431ms
 GET /api/settings/languages 200 in 314ms
 GET /api/settings/languages 200 in 25782ms
 GET /api/settings/languages 200 in -25219ms
 GET /api/settings/languages 200 in 313ms
 GET /api/homepageContent/hero 200 in 865ms
 GET /api/localizedStrings?_t=1778046480686 200 in 849ms
 GET /api/localizedStrings?_t=1778046480693 200 in 851ms
 GET /api/homepageContent/video 200 in 850ms
 GET /api/homepageContent/map 200 in 845ms
 GET /api/settings/languages 200 in 842ms
 GET /api/homepageContent/hero 200 in 609ms
 GET /api/homepageContent/video 200 in 620ms
 GET /api/homepageContent/map 200 in 617ms
 GET /api/settings/languages 200 in 629ms
 GET /api/localizedStrings?_t=1778046481734 200 in 539ms
 GET /api/productCategories?_t=1778046481737 200 in 554ms
 GET /api/settings/navigation 200 in 26702ms
 GET /api/localizedStrings?_t=1778046481740 200 in 26704ms
 GET /api/localizedStrings?_t=1778046481744 200 in 26654ms
 GET /api/homepageContent/bento 200 in 26616ms
 GET /api/bentoItems?_t=1778046481748 200 in 26610ms
 GET /api/products?status=published&limit=8?_t=1778046481750 200 in 26592ms
 GET /api/localizedStrings?_t=1778046481751 200 in -25205ms
 GET /api/localizedStrings?_t=1778046481757 200 in -25184ms
 GET /api/localizedStrings?_t=1778046481763 200 in -25179ms
 GET /api/productionSteps?_t=1778046481753 200 in -25176ms
 GET /api/productCategories?_t=1778046481764 200 in -25177ms
 GET /api/caseStudies?_t=1778046481755 200 in -25162ms
 GET /api/localizedStrings?_t=1778046481766 200 in 573ms
 GET /api/localizedStrings?_t=1778046481769 200 in 574ms
 GET /api/bentoItems?_t=1778046481772 200 in 592ms
 GET /api/products?status=published&limit=8?_t=1778046481773 200 in 594ms
 GET /api/localizedStrings?_t=1778046481774 200 in 598ms
 GET /api/productionSteps?_t=1778046481775 200 in 588ms
 GET /api/caseStudies?_t=1778046481777 200 in 623ms
 GET /api/localizedStrings?_t=1778046481778 200 in 755ms
 GET /api/settings/languages 200 in 738ms
 GET /api/settings/navigation 200 in 982ms
 GET /api/homepageContent/bento 200 in 922ms
 GET /api/auth/session 200 in 1037ms
 GET /api/settings/languages 200 in 373ms
 GET /api/auth/session 200 in 379ms
 GET /api/settings/languages 200 in 621ms
 GET /api/auth/session 200 in 623ms
 GET /api/settings/languages 200 in 419ms
 GET /api/auth/session 200 in 425ms
 GET /api/settings/languages 200 in 26606ms
 GET /api/auth/session 200 in 908ms
 GET /api/settings/languages 200 in -25080ms
 GET /api/auth/session 200 in 617ms
 GET /api/settings/languages 200 in 653ms
 GET /api/auth/session 200 in 638ms
 ⨯ The requested resource "https://placehold.co/800x600?text=Retail+Case" has type "image/svg+xml" but dangerouslyAllowSVG is disabled. Consider adding the "unoptimized" property to the <Image>.
 GET /api/settings/languages 200 in 375ms
 GET /api/auth/session 200 in 378ms
 GET /api/settings/languages 200 in 626ms
 GET /api/auth/session 200 in 624ms
 GET /api/settings/languages 200 in 379ms
 GET /api/auth/session 200 in 369ms
 GET /api/auth/session 200 in 446ms
 GET /api/auth/session 200 in 322ms
 GET /api/auth/session 200 in 363ms
 GET /api/auth/session 200 in 450ms
 GET /api/auth/session 200 in 326ms
 GET /api/auth/session 200 in 336ms
 GET /api/auth/session 200 in 446ms
 GET /api/auth/session 200 in 325ms
 GET /api/auth/session 200 in 319ms
 GET /api/auth/session 200 in 454ms
 GET /api/auth/session 200 in 485ms
 GET /api/auth/session 200 in 341ms
 GET /api/auth/session 200 in 332ms
 GET /api/auth/session 200 in 459ms
 GET /api/auth/session 200 in 332ms
 ✓ Compiled in 181ms
 GET /api/localizedStrings?_t=1778046538407 200 in 665ms
 GET /api/bentoItems?_t=1778046538412 200 in 646ms
 GET /api/homepageContent/bento 200 in 635ms
 GET /api/settings/languages 200 in 804ms
 ✓ Compiled in 156ms
 GET /api/localizedStrings?_t=1778046546222 200 in 924ms
 GET /api/bentoItems?_t=1778046546227 200 in 906ms
 GET /api/settings/languages 200 in 904ms
 GET /api/homepageContent/bento 200 in 904ms
 GET /api/auth/session 200 in 887ms
 GET /api/auth/session 200 in 26022ms
 GET /api/auth/session 200 in -25363ms
 GET /api/auth/session 200 in 464ms
 GET /api/auth/session 200 in 333ms
 POST /api/bentoItems 200 in 345ms
 GET /api/bentoItems?_t=1778046568480 200 in 315ms
 GET /api/auth/session 200 in 448ms
 GET /api/auth/session 200 in 26033ms
 GET /api/auth/session 200 in 322ms
 GET /api/auth/session 200 in -25386ms
 GET /api/auth/session 200 in 323ms
 GET /api/auth/session 200 in 441ms
 GET / 200 in 812ms
 GET /api/auth/session 200 in 1165ms
 GET /api/auth/session 200 in 456ms
 GET /favicon.ico?favicon.7ed73651.ico 200 in 627ms
 GET /api/localizedStrings?_t=1778046585442 200 in 604ms
 GET /api/homepageContent/hero 200 in 881ms
 GET /api/homepageContent/video 200 in 884ms
 GET /api/homepageContent/map 200 in 876ms
 GET /api/auth/session 200 in 919ms
 GET /api/settings/languages 200 in 810ms
 GET /api/auth/session 200 in 431ms
 GET /api/localizedStrings?_t=1778046586966 200 in 629ms
 GET /api/localizedStrings?_t=1778046586971 200 in 614ms
 GET /api/localizedStrings?_t=1778046586975 200 in 638ms
 GET /api/settings/languages 200 in 640ms
 GET /api/productCategories?_t=1778046586969 200 in 658ms
 GET /api/settings/navigation 200 in 639ms
 GET /api/bentoItems?_t=1778046586979 200 in 532ms
 GET /api/localizedStrings?_t=1778046586981 200 in -25150ms
 GET /api/products?status=published&limit=8?_t=1778046586980 200 in -25146ms
 GET /api/localizedStrings?_t=1778046586983 200 in -25144ms
 GET /api/localizedStrings?_t=1778046586989 200 in -25005ms
 GET /api/homepageContent/bento 200 in -25016ms
 GET /api/productCategories?_t=1778046586990 200 in 601ms
 GET /api/localizedStrings?_t=1778046586992 200 in 599ms
 GET /api/localizedStrings?_t=1778046586994 200 in 604ms
 GET /api/bentoItems?_t=1778046586997 200 in 626ms
 GET /api/products?status=published&limit=8?_t=1778046586998 200 in 621ms
 GET /api/localizedStrings?_t=1778046586998 200 in 632ms
 GET /api/localizedStrings?_t=1778046586999 200 in 622ms
 GET /api/caseStudies?_t=1778046587584 200 in 583ms
 GET /api/caseStudies?_t=1778046587581 200 in 734ms
 GET /api/productionSteps?_t=1778046587579 200 in 762ms
 GET /api/productionSteps?_t=1778046587583 200 in 726ms
 GET /api/auth/session 200 in 763ms
 GET /api/settings/languages 200 in 879ms
 GET /api/settings/navigation 200 in 880ms
 GET /api/homepageContent/bento 200 in 832ms
 GET /api/auth/session 200 in 826ms
 GET /api/settings/languages 200 in 510ms
 GET /api/auth/session 200 in 504ms
 GET /api/settings/languages 200 in 542ms
 GET /api/auth/session 200 in 539ms
 GET /api/settings/languages 200 in 526ms
 GET /products?lang=en 200 in 212ms
 GET /api/settings/languages 200 in 26342ms
 ⨯ The requested resource "https://placehold.co/800x600?text=Retail+Case" has type "image/svg+xml" but dangerouslyAllowSVG is disabled. Consider adding the "unoptimized" property to the <Image>.
 GET /api/settings/languages 200 in -25348ms
 GET /api/settings/languages 200 in 787ms
 GET /api/products?_t=1778046593297 200 in 766ms
 GET /api/productCategories?_t=1778046593299 200 in 765ms
 GET /api/localizedStrings?_t=1778046593302 200 in 762ms
 GET /api/products?_t=1778046593305 200 in 733ms
 GET /api/productCategories?_t=1778046593306 200 in 697ms
 GET /api/localizedStrings?_t=1778046593309 200 in 422ms
 GET /api/settings/languages 200 in 404ms
 GET /api/settings/languages 200 in 311ms
 GET /api/settings/languages 200 in 437ms
 GET /api/settings/languages 200 in 321ms
 GET /api/settings/languages 200 in 317ms
 GET /api/localizedStrings?_t=1778046595712 200 in 604ms
 GET /api/productCategories?_t=1778046595715 200 in 787ms
 GET /api/localizedStrings?_t=1778046595718 200 in 783ms
 GET /api/localizedStrings?_t=1778046595724 200 in 784ms
 GET /api/settings/navigation 200 in 779ms
 GET /api/productCategories?_t=1778046595727 200 in 578ms
 GET /api/localizedStrings?_t=1778046595729 200 in 466ms
 GET /api/settings/languages 200 in 444ms
 GET /api/settings/navigation 200 in 444ms
 GET /api/settings/languages 200 in 311ms
 GET /api/settings/languages 200 in 26132ms
 GET /api/settings/languages 200 in -25379ms
 GET /api/homepageContent/hero 200 in -24779ms
 GET /api/homepageContent/video 200 in -24778ms
 GET /api/localizedStrings?_t=1778046597964 200 in -24776ms
 GET /api/localizedStrings?_t=1778046597971 200 in -24784ms
 GET /api/homepageContent/map 200 in -24785ms
 GET /api/settings/languages 200 in 802ms
 GET /api/homepageContent/hero 200 in 477ms
 GET /api/homepageContent/map 200 in 478ms
 GET /api/homepageContent/video 200 in 489ms
 GET /api/settings/languages 200 in 489ms
 GET /api/settings/languages 200 in 306ms
 GET /api/settings/languages 200 in 449ms
 GET /api/settings/languages 200 in 316ms
 GET /api/localizedStrings?_t=1778046600306 200 in 623ms
 GET /api/localizedStrings?_t=1778046600313 200 in 622ms
 GET /api/productCategories?_t=1778046600309 200 in 631ms
 GET /api/localizedStrings?_t=1778046600318 200 in 629ms
 GET /api/settings/navigation 200 in 632ms
 GET /api/homepageContent/bento 200 in 597ms
 GET /api/bentoItems?_t=1778046600323 200 in 778ms
 GET /api/products?status=published&limit=8?_t=1778046600324 200 in 784ms
 GET /api/localizedStrings?_t=1778046600326 200 in 802ms
 GET /api/productionSteps?_t=1778046600328 200 in 803ms
 GET /api/caseStudies?_t=1778046600329 200 in 792ms
 GET /api/localizedStrings?_t=1778046600331 200 in 613ms
 GET /api/localizedStrings?_t=1778046600336 200 in 600ms
 GET /api/productCategories?_t=1778046600338 200 in 598ms
 GET /api/localizedStrings?_t=1778046600340 200 in 612ms
 GET /api/localizedStrings?_t=1778046600343 200 in 616ms
 GET /api/bentoItems?_t=1778046600346 200 in 610ms
 GET /api/products?status=published&limit=8?_t=1778046600347 200 in 612ms
 GET /api/localizedStrings?_t=1778046600347 200 in 26284ms
 GET /api/productionSteps?_t=1778046600349 200 in 26298ms
 GET /api/caseStudies?_t=1778046600350 200 in 26297ms
 GET /api/localizedStrings?_t=1778046600351 200 in 600ms
 GET /api/settings/languages 200 in 840ms
 GET /api/auth/session 200 in 921ms
 GET /api/settings/navigation 200 in 620ms
 GET /api/homepageContent/bento 200 in 627ms
 GET /api/settings/languages 200 in 586ms
 GET /api/auth/session 200 in 479ms
 GET /api/settings/languages 200 in 627ms
 GET /api/auth/session 200 in 619ms
 GET /api/settings/languages 200 in 381ms
 GET /api/auth/session 200 in 382ms
 GET /api/settings/languages 200 in 666ms
 GET /api/auth/session 200 in 672ms
 ⨯ The requested resource "https://placehold.co/800x600?text=Retail+Case" has type "image/svg+xml" but dangerouslyAllowSVG is disabled. Consider adding the "unoptimized" property to the <Image>.
 GET /api/settings/languages 200 in 331ms
 GET /api/settings/languages 200 in 315ms
 GET /api/settings/languages 200 in 433ms
 GET /api/settings/languages 200 in 317ms
 GET /api/settings/languages 200 in 321ms
 GET /api/auth/session 200 in 26203ms
 GET /api/auth/session 200 in -25374ms
 GET /api/auth/session 200 in 316ms
 GET /api/auth/session 200 in 477ms
 GET /api/auth/session 200 in 320ms
 GET /products?lang=en 200 in 139ms
 GET /api/products?_t=1778046612022 200 in 589ms
 GET /api/productCategories?_t=1778046612025 200 in 594ms
 GET /api/localizedStrings?_t=1778046612029 200 in 26415ms
 GET /api/products?_t=1778046612033 200 in 26412ms
 GET /api/productCategories?_t=1778046612034 200 in 26413ms
 GET /api/settings/languages 200 in 26417ms
 GET /api/localizedStrings?_t=1778046612037 200 in 423ms
 GET /api/settings/languages 200 in 407ms
 GET /api/settings/languages 200 in 322ms
 GET /api/localizedStrings?_t=1778046613307 200 in 598ms
 GET /api/productCategories?_t=1778046613310 200 in 604ms
 GET /api/localizedStrings?_t=1778046613314 200 in 599ms
 GET /api/localizedStrings?_t=1778046613319 200 in 602ms
 GET /api/settings/navigation 200 in 734ms
 GET /api/productCategories?_t=1778046613321 200 in 532ms
 GET /api/localizedStrings?_t=1778046613323 200 in 650ms
 GET /api/localizedStrings?_t=1778046613397 200 in 775ms
 GET /api/localizedStrings?_t=1778046613404 200 in 779ms
 GET /api/homepageContent/hero 200 in 781ms
 GET /api/homepageContent/video 200 in 784ms
 GET /api/homepageContent/map 200 in 794ms
 GET /api/settings/languages 200 in 683ms
 GET /api/settings/navigation 200 in 681ms
 GET /api/homepageContent/hero 200 in 684ms
 GET /api/homepageContent/video 200 in 685ms
 GET /api/homepageContent/map 200 in 672ms
 GET /api/settings/languages 200 in 315ms
 GET /api/settings/languages 200 in 313ms
 GET /api/settings/languages 200 in 533ms
 GET /api/settings/languages 200 in 321ms
 GET /api/settings/languages 200 in 310ms
 GET /api/settings/languages 200 in 430ms
 GET /api/settings/languages 200 in 316ms
 GET /api/settings/languages 200 in 333ms
 GET /api/localizedStrings?_t=1778046618318 200 in 621ms
 GET /api/productCategories?_t=1778046618321 200 in 627ms
 GET /api/localizedStrings?_t=1778046618324 200 in 621ms
 GET /api/localizedStrings?_t=1778046618328 200 in 624ms
 GET /api/settings/navigation 200 in 892ms
 GET /api/homepageContent/bento 200 in 676ms
 GET /api/bentoItems?_t=1778046618332 200 in 603ms
 GET /api/products?status=published&limit=8?_t=1778046618333 200 in 617ms
 GET /api/localizedStrings?_t=1778046618335 200 in 622ms
 GET /api/productionSteps?_t=1778046618337 200 in 624ms
 GET /api/caseStudies?_t=1778046618338 200 in 612ms
 GET /api/localizedStrings?_t=1778046618340 200 in 626ms
 GET /api/localizedStrings?_t=1778046618346 200 in 649ms
 GET /api/productCategories?_t=1778046618348 200 in 643ms
 GET /api/localizedStrings?_t=1778046618349 200 in 662ms
 GET /api/localizedStrings?_t=1778046618352 200 in 666ms
 GET /api/bentoItems?_t=1778046618355 200 in 658ms
 GET /api/products?status=published&limit=8?_t=1778046618356 200 in 627ms
 GET /api/localizedStrings?_t=1778046618357 200 in 622ms
 GET /api/productionSteps?_t=1778046618358 200 in 623ms
 GET /api/caseStudies?_t=1778046618359 200 in 624ms
 GET /api/localizedStrings?_t=1778046618360 200 in 755ms
 GET /api/settings/languages 200 in 739ms
 GET /api/settings/navigation 200 in 699ms
 GET /api/homepageContent/bento 200 in 493ms
 GET /api/settings/languages 200 in 494ms
 GET /api/settings/languages 200 in 356ms
 GET /api/settings/languages 200 in 443ms
 GET /api/settings/languages 200 in 455ms
 GET /api/auth/session 200 in 668ms
 GET /api/settings/languages 200 in 320ms
 GET /api/auth/session 200 in 328ms
 GET /api/settings/languages 200 in 500ms
 GET /api/auth/session 200 in 397ms
 GET /api/settings/languages 200 in 568ms
 GET /api/auth/session 200 in 569ms
 ⨯ The requested resource "https://placehold.co/800x600?text=Retail+Case" has type "image/svg+xml" but dangerouslyAllowSVG is disabled. Consider adding the "unoptimized" property to the <Image>.
 GET /api/settings/languages 200 in 519ms
 GET /api/auth/session 200 in 512ms
 GET /api/settings/languages 200 in 322ms
 GET /api/auth/session 200 in 499ms
 GET /api/auth/session 200 in 340ms
 GET /api/auth/session 200 in 330ms
 GET /api/auth/session 200 in 448ms
 GET /api/auth/session 200 in 326ms
 GET /products?lang=en 200 in 160ms
 GET /api/products?_t=1778046659672 200 in 641ms
 GET /api/productCategories?_t=1778046659673 200 in 653ms
 GET /api/localizedStrings?_t=1778046659676 200 in 641ms
 GET /api/products?_t=1778046659680 200 in 640ms
 GET /api/productCategories?_t=1778046659681 200 in 775ms
 GET /api/settings/languages 200 in 775ms
 GET /api/localizedStrings?_t=1778046659684 200 in 389ms
 GET /api/settings/languages 200 in 361ms
 GET /api/settings/languages 200 in 490ms
 GET /api/localizedStrings?_t=1778046660982 200 in 715ms
 GET /api/productCategories?_t=1778046660985 200 in 720ms
 GET /api/localizedStrings?_t=1778046660989 200 in 715ms
 GET /api/localizedStrings?_t=1778046660996 200 in 719ms
 GET /api/settings/navigation 200 in 866ms
 GET /api/productCategories?_t=1778046660998 200 in 507ms
 GET /api/localizedStrings?_t=1778046661001 200 in 479ms
 GET /api/settings/languages 200 in 455ms
 GET /api/settings/navigation 200 in 457ms
 GET /api/settings/languages 200 in 316ms
 GET /api/settings/languages 200 in 26130ms
 GET /api/settings/languages 200 in -25364ms
 GET /api/settings/languages 200 in 345ms
 GET /api/settings/languages 200 in 436ms
 GET /api/settings/languages 200 in 316ms
 GET /api/auth/session 200 in 451ms
 GET /api/auth/session 200 in 344ms
 GET /api/auth/session 200 in 322ms
 GET /api/auth/session 200 in 476ms
 GET /api/homepageContent/hero 200 in 1041ms
 GET /api/localizedStrings?_t=1778046675587 200 in 1034ms
 GET /api/homepageContent/video 200 in 1026ms
 GET /api/homepageContent/map 200 in 1028ms
 GET /api/settings/languages 200 in 1159ms
 GET /api/localizedStrings?_t=1778046675594 200 in 970ms
 GET /api/homepageContent/hero 200 in 885ms
 GET /api/homepageContent/video 200 in 887ms
 GET /api/homepageContent/map 200 in 890ms
 GET /api/settings/languages 200 in 890ms
 GET /api/localizedStrings?_t=1778046676912 200 in 800ms
 GET /api/auth/session 200 in 948ms
 GET /api/productCategories?_t=1778046676915 200 in 668ms
 GET /api/localizedStrings?_t=1778046676918 200 in 821ms
 GET /api/localizedStrings?_t=1778046676922 200 in 826ms
 GET /api/settings/navigation 200 in 807ms
 GET /api/homepageContent/bento 200 in 820ms
 GET /api/bentoItems?_t=1778046676926 200 in -24910ms
 GET /api/products?status=published&limit=8?_t=1778046676927 200 in 619ms
 GET /api/localizedStrings?_t=1778046676929 200 in 619ms
 GET /api/productionSteps?_t=1778046676930 200 in 639ms
 GET /api/localizedStrings?_t=1778046676939 200 in 636ms
 GET /api/caseStudies?_t=1778046676932 200 in 646ms
 GET /api/localizedStrings?_t=1778046676934 200 in 644ms
 GET /api/productCategories?_t=1778046676941 200 in 621ms
 GET /api/localizedStrings?_t=1778046676943 200 in 625ms
 GET /api/localizedStrings?_t=1778046676945 200 in 645ms
 GET /api/bentoItems?_t=1778046676948 200 in 646ms
 GET /api/products?status=published&limit=8?_t=1778046676949 200 in 648ms
 GET /api/localizedStrings?_t=1778046676950 200 in 647ms
 GET /api/productionSteps?_t=1778046676951 200 in 646ms
 GET /api/caseStudies?_t=1778046676952 200 in 657ms
 GET /api/localizedStrings?_t=1778046676953 200 in 940ms
 GET /api/settings/languages 200 in 884ms
 GET /api/settings/navigation 200 in 886ms
 GET /api/homepageContent/bento 200 in 885ms
 GET /api/settings/languages 200 in 322ms
 GET /api/settings/languages 200 in 314ms
 GET /api/settings/languages 200 in 452ms
 GET /api/settings/languages 200 in 320ms
 GET /api/settings/languages 200 in 354ms
 ⨯ The requested resource "https://placehold.co/800x600?text=Retail+Case" has type "image/svg+xml" but dangerouslyAllowSVG is disabled. Consider adding the "unoptimized" property to the <Image>.
 GET /api/settings/languages 200 in 26150ms
 GET /api/settings/languages 200 in 319ms
 GET /api/settings/languages 200 in -25517ms
 GET /api/settings/languages 200 in 480ms
 GET /api/auth/session 200 in 468ms
 GET /api/auth/session 200 in 327ms
 GET /api/auth/session 200 in 322ms
 GET /api/auth/session 200 in 452ms
 GET /api/auth/session 200 in 533ms
 ✓ Compiled middleware in 7ms
 ✓ Compiled in 0ms
 GET /api/auth/session 200 in 26126ms
 GET /api/auth/session 200 in 327ms
 GET /api/auth/session 200 in 320ms
 GET /api/auth/session 200 in 372ms
 GET / 200 in 298ms
 GET /api/auth/session 200 in 524ms
 GET /api/auth/session 200 in 465ms
 GET /favicon.ico?favicon.7ed73651.ico 200 in 601ms
 GET /api/localizedStrings?_t=1778046735349 200 in 883ms
 GET /api/homepageContent/hero 200 in 846ms
 GET /api/homepageContent/video 200 in 848ms
 GET /api/homepageContent/map 200 in 846ms
 GET /api/auth/session 200 in 866ms
 GET /api/settings/languages 200 in 790ms
 GET /api/auth/session 200 in 416ms
 GET /api/auth/session 200 in 824ms
 GET /api/localizedStrings?_t=1778046736840 200 in 997ms
 GET /api/productCategories?_t=1778046736843 200 in 26837ms
 GET /api/settings/languages 200 in 26836ms
 GET /api/localizedStrings?_t=1778046736845 200 in 26820ms
 GET /api/settings/navigation 200 in 26819ms
 GET /api/localizedStrings?_t=1778046736849 200 in 26186ms
 GET /api/bentoItems?_t=1778046736852 200 in -25204ms
 GET /api/products?status=published&limit=8?_t=1778046736854 200 in -25057ms
 GET /api/localizedStrings?_t=1778046736855 200 in -25052ms
 GET /api/localizedStrings?_t=1778046736856 200 in -25049ms
 GET /api/homepageContent/bento 200 in -25055ms
 GET /api/localizedStrings?_t=1778046736862 200 in -25079ms
 GET /api/productCategories?_t=1778046736863 200 in 610ms
 GET /api/localizedStrings?_t=1778046736865 200 in 607ms
 GET /api/localizedStrings?_t=1778046736867 200 in 612ms
 GET /api/bentoItems?_t=1778046736869 200 in 614ms
 GET /api/products?status=published&limit=8?_t=1778046736870 200 in 629ms
 GET /api/localizedStrings?_t=1778046736871 200 in 621ms
 GET /api/localizedStrings?_t=1778046736872 200 in 615ms
 GET /api/productionSteps?_t=1778046737478 200 in 631ms
 GET /api/caseStudies?_t=1778046737479 200 in 634ms
 GET /api/productionSteps?_t=1778046737482 200 in 635ms
 GET /api/caseStudies?_t=1778046737483 200 in 629ms
 GET /api/auth/session 200 in 813ms
 GET /products?category=aio&lang=en 200 in 233ms
 GET /api/settings/languages 200 in 1000ms
 GET /api/settings/navigation 200 in 990ms
 GET /api/homepageContent/bento 200 in 940ms
 GET /api/auth/session 200 in 1072ms
 GET /api/settings/languages 200 in 381ms
 GET /api/auth/session 200 in 380ms
 GET /api/settings/languages 200 in 491ms
 GET /api/auth/session 200 in 492ms
 GET /api/settings/languages 200 in 324ms
 GET /api/settings/languages 200 in 26201ms
 GET /api/settings/languages 200 in 472ms
 ⨯ The requested resource "https://placehold.co/800x600?text=Retail+Case" has type "image/svg+xml" but dangerouslyAllowSVG is disabled. Consider adding the "unoptimized" property to the <Image>.
 GET /api/settings/languages 200 in -25497ms
 GET /api/products?_t=1778046743768 200 in 655ms
 GET /api/productCategories?_t=1778046743770 200 in 658ms
 GET /api/localizedStrings?_t=1778046743773 200 in 662ms
 GET /api/products?_t=1778046743777 200 in 658ms
 GET /api/productCategories?_t=1778046743778 200 in 635ms
 GET /api/localizedStrings?_t=1778046743780 200 in 577ms
 GET /api/settings/languages 200 in 457ms
 GET /api/settings/languages 200 in 359ms
 GET /api/settings/languages 200 in 318ms
 GET /api/settings/languages 200 in 442ms
 GET /api/settings/languages 200 in 413ms
 GET /api/localizedStrings?_t=1778046746174 200 in 625ms
 GET /api/productCategories?_t=1778046746177 200 in 617ms
 GET /api/localizedStrings?_t=1778046746180 200 in 625ms
 GET /api/localizedStrings?_t=1778046746185 200 in 629ms
 GET /api/settings/navigation 200 in 618ms
 GET /api/productCategories?_t=1778046746187 200 in 367ms
 GET /api/localizedStrings?_t=1778046746189 200 in 604ms
 GET /api/settings/languages 200 in 589ms
 GET /api/settings/navigation 200 in 590ms
 GET /api/settings/languages 200 in 324ms
 GET /api/settings/languages 200 in 26157ms
 GET /api/settings/languages 200 in -25256ms
 GET /api/settings/languages 200 in 320ms
 GET /api/settings/languages 200 in 316ms
 GET /api/settings/languages 200 in 445ms
 GET /api/localizedStrings?_t=1778046768667 200 in 1009ms
 GET /api/homepageContent/hero 200 in 1008ms
 GET /api/homepageContent/video 200 in 1159ms
 GET /api/localizedStrings?_t=1778046768673 200 in 1158ms
 GET /api/homepageContent/map 200 in 1152ms
 GET /api/settings/languages 200 in 1154ms
 GET /api/homepageContent/hero 200 in 639ms
 GET /api/homepageContent/video 200 in 636ms
 GET /api/homepageContent/map 200 in 647ms
 GET /api/settings/languages 200 in 642ms
 GET /api/localizedStrings?_t=1778046769975 200 in 583ms
 GET /api/productCategories?_t=1778046769978 200 in 582ms
 GET /api/localizedStrings?_t=1778046769981 200 in 660ms
 GET /api/localizedStrings?_t=1778046769985 200 in 972ms
 GET /api/settings/navigation 200 in 961ms
 GET /api/homepageContent/bento 200 in 956ms
 GET /api/bentoItems?_t=1778046769989 200 in 925ms
 GET /api/products?status=published&limit=8?_t=1778046769990 200 in 944ms
 GET /api/localizedStrings?_t=1778046769992 200 in 635ms
 GET /api/productionSteps?_t=1778046769993 200 in 654ms
 GET /api/caseStudies?_t=1778046769995 200 in 656ms
 GET /api/localizedStrings?_t=1778046769997 200 in 660ms
 GET /api/localizedStrings?_t=1778046770002 200 in 665ms
 GET /api/productCategories?_t=1778046770004 200 in 653ms
 GET /api/localizedStrings?_t=1778046770005 200 in 617ms
 GET /api/localizedStrings?_t=1778046770008 200 in 617ms
 GET /api/bentoItems?_t=1778046770011 200 in 620ms
 GET /api/products?status=published&limit=8?_t=1778046770012 200 in 637ms
 GET /api/localizedStrings?_t=1778046770013 200 in 635ms
 GET /api/productionSteps?_t=1778046770014 200 in 638ms
 GET /api/caseStudies?_t=1778046770015 200 in 650ms
 GET /api/localizedStrings?_t=1778046770016 200 in 802ms
 GET /api/settings/languages 200 in -24977ms
 GET /api/homepageContent/bento 200 in -24848ms
 GET /api/settings/navigation 200 in -24850ms
 GET /api/settings/languages 200 in 324ms
 GET /api/settings/languages 200 in 323ms
 GET /api/settings/languages 200 in 460ms
 GET /api/settings/languages 200 in 323ms
 GET /api/settings/languages 200 in 400ms
 ⨯ The requested resource "https://placehold.co/800x600?text=Retail+Case" has type "image/svg+xml" but dangerouslyAllowSVG is disabled. Consider adding the "unoptimized" property to the <Image>.
 GET /api/settings/languages 200 in 450ms
 GET /api/settings/languages 200 in 326ms
 GET /api/settings/languages 200 in 325ms
 GET /api/settings/languages 200 in 462ms
 GET /api/auth/session 200 in 476ms
 GET /api/auth/session 200 in 338ms
 GET /api/auth/session 200 in 327ms
 GET /api/auth/session 200 in 460ms
 GET /api/auth/session 200 in 26417ms
 GET /api/auth/session 200 in -25222ms
 GET /api/auth/session 200 in 326ms
 GET /api/auth/session 200 in 325ms
 GET /api/auth/session 200 in 452ms
 GET /api/auth/session 200 in 326ms
 GET /api/auth/session 200 in 456ms
 GET /api/auth/session 200 in 328ms
 GET /api/auth/session 200 in 322ms
 GET /api/auth/session 200 in 450ms
 GET /api/auth/session 200 in 323ms
 GET /api/auth/session 200 in 456ms
 GET /api/auth/session 200 in 322ms
 GET /api/auth/session 200 in 314ms
 GET /api/auth/session 200 in 434ms
 GET /api/auth/session 200 in 318ms
 GET /api/auth/session 200 in 420ms
 GET /api/auth/session 200 in 320ms
 GET /api/auth/session 200 in 324ms
 GET /api/auth/session 200 in 436ms
 GET /api/auth/session 200 in 325ms
 GET /api/auth/session 200 in 455ms
 GET /api/auth/session 200 in 329ms
 GET /api/auth/session 200 in 321ms
 GET /api/auth/session 200 in 448ms
 GET /api/auth/session 200 in 322ms
 GET /api/auth/session 200 in 456ms
 GET /api/auth/session 200 in 324ms
 GET /api/auth/session 200 in 445ms
 GET /api/auth/session 200 in 460ms
 GET /api/auth/session 200 in 540ms
 PUT /api/homepageContent/hero 200 in 542ms
 GET /api/auth/session 200 in 26248ms
 PUT /api/homepageContent/video 200 in 26235ms
 GET /api/auth/session 200 in -25317ms
 PUT /api/homepageContent/bento 200 in -25163ms
 GET /api/auth/session 200 in 549ms
 ○ Compiling /api/localizedStrings/[id] ...
 ✓ Compiled /api/localizedStrings/[id] in 597ms
 PUT /api/localizedStrings/hero_wholesale_desc 200 in 2220ms
 PUT /api/localizedStrings/hero_project_title 200 in 2202ms
 PUT /api/localizedStrings/hero_project_desc 200 in 2222ms
 PUT /api/localizedStrings/products_title 200 in 2225ms
 PUT /api/localizedStrings/hero_wholesale_title 200 in 2259ms
 PUT /api/localizedStrings/products_subtitle 200 in 1744ms
 PUT /api/localizedStrings/hero_slide_legacy-default_headline 200 in 853ms
 PUT /api/localizedStrings/hero_slide_legacy-default_subheadline 200 in 854ms
 PUT /api/localizedStrings/hero_slide_1777967445203_headline 200 in 798ms
 PUT /api/localizedStrings/hero_slide_1777967445203_subheadline 200 in 799ms
 PUT /api/localizedStrings/hero_slide_1778034103591_headline 200 in 801ms
 PUT /api/localizedStrings/hero_slide_1778034103591_subheadline 200 in 799ms
 GET /api/localizedStrings?_t=1778046841873 200 in 852ms
 GET /api/homepageContent/hero 200 in 838ms
 GET /api/homepageContent/video 200 in 840ms
 GET /api/homepageContent/bento 200 in 842ms
 GET /api/auth/session 200 in 875ms
 GET /api/auth/session 200 in 26062ms
 GET /api/galleryAssets?_t=1778046842896 200 in 546ms
 GET /api/galleryAssets?_t=1778046842897 200 in 545ms
 GET /api/galleryCategories?_t=1778046842896 200 in 549ms
 GET /api/galleryCategories?_t=1778046842898 200 in 543ms
 ✓ Compiled in 142ms
 GET /api/localizedStrings?_t=1778046849910 200 in 529ms
 GET /api/bentoItems?_t=1778046849915 200 in 512ms
 GET /api/settings/languages 200 in 784ms
 GET /api/homepageContent/bento 200 in 792ms
 PUT /api/homepageContent/hero 200 in 350ms
 PUT /api/homepageContent/video 200 in 472ms
 PUT /api/homepageContent/bento 200 in 335ms
 PUT /api/localizedStrings/hero_wholesale_title 200 in 26763ms
 PUT /api/localizedStrings/hero_wholesale_desc 200 in 26742ms
 PUT /api/localizedStrings/hero_project_title 200 in 26740ms
 PUT /api/localizedStrings/hero_project_desc 200 in 26741ms
 PUT /api/localizedStrings/products_title 200 in 26741ms
 PUT /api/localizedStrings/products_subtitle 200 in 26740ms
 PUT /api/localizedStrings/hero_slide_legacy-default_headline 200 in 555ms
 PUT /api/localizedStrings/hero_slide_legacy-default_subheadline 200 in 554ms
 PUT /api/localizedStrings/hero_slide_1777967445203_headline 200 in 556ms
 PUT /api/localizedStrings/hero_slide_1777967445203_subheadline 200 in 557ms
 GET /api/localizedStrings?_t=1778046854150 200 in -24599ms
 GET /api/homepageContent/hero 200 in -24605ms
 GET /api/homepageContent/video 200 in -24602ms
 GET /api/homepageContent/bento 200 in -24599ms
 GET /api/galleryAssets?_t=1778046854869 200 in 506ms
 GET /api/galleryCategories?_t=1778046854869 200 in 507ms
 GET /api/galleryAssets?_t=1778046854870 200 in 510ms
 GET /api/galleryCategories?_t=1778046854870 200 in 512ms
 POST /api/bentoItems 200 in 329ms
 GET /api/bentoItems?_t=1778046890611 200 in 319ms
 PUT /api/bentoItems/cmotn71fa0005ukpwe6rnf8cc 200 in 459ms
 GET /api/bentoItems?_t=1778046897572 200 in 316ms
 GET /api/auth/session 200 in 452ms
 GET /api/auth/session 200 in 331ms
 GET /api/auth/session 200 in 333ms
 GET /api/auth/session 200 in 499ms
 GET /api/auth/session 200 in 328ms
 GET /api/auth/session 200 in 446ms
 GET /api/auth/session 200 in 327ms
 GET /api/auth/session 200 in 942ms
 GET / 200 in 856ms
 GET /api/auth/session 200 in 537ms
 GET /favicon.ico?favicon.7ed73651.ico 200 in 653ms
 GET /api/homepageContent/hero 200 in 793ms
 GET /api/homepageContent/video 200 in 791ms
 GET /api/homepageContent/map 200 in 755ms
 GET /api/localizedStrings?_t=1778046909127 200 in 655ms
 GET /api/auth/session 200 in 863ms
 GET /api/settings/languages 200 in 863ms
 GET /api/auth/session 200 in 551ms
 GET /api/auth/session 200 in 547ms
 GET /api/localizedStrings?_t=1778046910717 200 in 608ms
 GET /api/productCategories?_t=1778046910719 200 in 655ms
 GET /api/settings/languages 200 in 819ms
 GET /api/localizedStrings?_t=1778046910722 200 in 824ms
 GET /api/settings/navigation 200 in 803ms
 GET /api/localizedStrings?_t=1778046910726 200 in 451ms
 GET /api/homepageContent/bento 200 in 1018ms
 GET /api/bentoItems?_t=1778046910730 200 in 779ms
 GET /api/products?status=published&limit=8?_t=1778046910731 200 in 778ms
 GET /api/localizedStrings?_t=1778046910733 200 in 782ms
 GET /api/localizedStrings?_t=1778046910734 200 in 787ms
 GET /api/localizedStrings?_t=1778046910740 200 in 784ms
 GET /api/productCategories?_t=1778046910741 200 in 610ms
 GET /api/bentoItems?_t=1778046910748 200 in 610ms
 GET /api/localizedStrings?_t=1778046910743 200 in 616ms
 GET /api/localizedStrings?_t=1778046910745 200 in 659ms
 GET /api/localizedStrings?_t=1778046910750 200 in 663ms
 GET /api/products?status=published&limit=8?_t=1778046910749 200 in 667ms
 GET /api/productionSteps?_t=1778046911308 200 in 581ms
 GET /api/caseStudies?_t=1778046911310 200 in 595ms
 GET /api/productionSteps?_t=1778046911312 200 in 595ms
 GET /api/caseStudies?_t=1778046911313 200 in 597ms
 GET /api/settings/languages 200 in 868ms
 GET /api/auth/session 200 in 922ms
 GET /api/settings/navigation 200 in 646ms
 GET /api/homepageContent/bento 200 in 928ms
 GET /api/localizedStrings?_t=1778046910750 200 in 900ms
 GET /api/settings/languages 200 in 864ms
 GET /api/auth/session 200 in 880ms
 GET /api/settings/languages 200 in 453ms
 GET /api/settings/languages 200 in 318ms
 GET /api/settings/languages 200 in 389ms
 GET /api/settings/languages 200 in 446ms
 ⨯ The requested resource "https://placehold.co/800x600?text=Retail+Case" has type "image/svg+xml" but dangerouslyAllowSVG is disabled. Consider adding the "unoptimized" property to the <Image>.
 GET /api/settings/languages 200 in 318ms
 GET /api/settings/languages 200 in 312ms
 GET /api/settings/languages 200 in 439ms
 GET /api/auth/session 200 in 716ms
 GET /api/auth/session 200 in 331ms
 GET /api/auth/session 200 in 330ms
 GET /api/auth/session 200 in 446ms
 GET /api/auth/session 200 in 326ms
 GET /api/auth/session 200 in 448ms
 GET /api/auth/session 200 in 324ms
 GET /api/auth/session 200 in 342ms
 GET /api/auth/session 200 in 449ms
 GET /api/auth/session 200 in 328ms
 GET /api/auth/session 200 in 450ms
 GET /api/auth/session 200 in 26037ms
 GET /api/auth/session 200 in -25363ms
 GET /api/auth/session 200 in 443ms
 GET /api/auth/session 200 in 326ms
 GET /api/auth/session 200 in 330ms
 GET /api/auth/session 200 in 460ms
 GET /api/auth/session 200 in 353ms
 GET /api/auth/session 200 in 331ms
 GET /api/auth/session 200 in 438ms
 GET /api/auth/session 200 in 452ms
 GET /api/auth/session 200 in 322ms
 GET /api/auth/session 200 in 319ms
 GET /api/auth/session 200 in 617ms
 GET /api/auth/session 200 in 328ms
 GET /api/auth/session 200 in 451ms
 GET /api/auth/session 200 in 325ms
 GET /api/auth/session 200 in 317ms
 GET /api/auth/session 200 in 445ms
 GET /api/auth/session 200 in 322ms
 GET /api/auth/session 200 in 455ms
 GET /api/auth/session 200 in 327ms
 GET /api/auth/session 200 in 320ms
 GET /api/auth/session 200 in 474ms
 GET /api/auth/session 200 in 333ms
 GET /api/auth/session 200 in 320ms
 GET /api/auth/session 200 in 456ms
 GET /api/auth/session 200 in 330ms
 GET /api/auth/session 200 in 26035ms
 GET /api/auth/session 200 in -25259ms
 GET /api/auth/session 200 in 465ms
 GET /api/auth/session 200 in 25548ms
 GET /api/auth/session 200 in -25346ms
 GET /api/auth/session 200 in 448ms
 GET /api/auth/session 200 in 326ms
 GET /api/auth/session 200 in 461ms
 GET /api/auth/session 200 in 324ms
 GET /api/auth/session 200 in 320ms
 GET /api/auth/session 200 in 447ms
 GET /api/auth/session 200 in 324ms
 GET /api/auth/session 200 in 630ms
 GET /api/auth/session 200 in 339ms
 GET /api/auth/session 200 in 26042ms
 GET /api/auth/session 200 in -25246ms
 GET /api/auth/session 200 in 326ms
 POST /api/bentoItems 200 in 359ms
 GET /api/bentoItems?_t=1778047179497 200 in 320ms
 PUT /api/bentoItems/cmotnd8br0006ukpwxydqkv9o 200 in 26199ms
 GET /api/bentoItems?_t=1778047214000 200 in 333ms
 GET /api/auth/session 200 in -24743ms
 GET /api/auth/session 200 in 343ms
 GET / 200 in 315ms
 GET /api/auth/session 200 in 435ms
 GET /api/auth/session 200 in 491ms
 GET /favicon.ico?favicon.7ed73651.ico 200 in 685ms
 GET /api/localizedStrings?_t=1778047216395 200 in 899ms
 GET /api/homepageContent/hero 200 in 886ms
 GET /api/homepageContent/video 200 in 1036ms
 GET /api/homepageContent/map 200 in 1036ms
 GET /api/settings/languages 200 in 666ms
 GET /api/auth/session 200 in 854ms
 GET /api/localizedStrings?_t=1778047217554 200 in 897ms
 GET /api/localizedStrings?_t=1778047217555 200 in 880ms
 GET /api/settings/languages 200 in 877ms
 GET /api/settings/navigation 200 in 874ms
 GET /api/productCategories?_t=1778047217555 200 in 899ms
 GET /api/localizedStrings?_t=1778047217556 200 in 639ms
 GET /api/bentoItems?_t=1778047217557 200 in 113ms
 GET /api/products?status=published&limit=8?_t=1778047217557 200 in 258ms
 GET /api/localizedStrings?_t=1778047217557 200 in 261ms
 GET /api/localizedStrings?_t=1778047217560 200 in 259ms
 GET /api/homepageContent/bento 200 in 257ms
 GET /api/productCategories?_t=1778047217560 200 in 207ms
 GET /api/localizedStrings?_t=1778047217561 200 in 601ms
 GET /api/bentoItems?_t=1778047217562 200 in 613ms
 GET /api/products?status=published&limit=8?_t=1778047217562 200 in 616ms
 GET /api/localizedStrings?_t=1778047217562 200 in 620ms
 GET /api/productionSteps?_t=1778047217992 200 in 621ms
 GET /api/auth/session 200 in 795ms
 GET /api/settings/languages 200 in 1014ms
 GET /api/settings/navigation 200 in 1007ms
 GET /api/localizedStrings?_t=1778047217557 200 in 948ms
 GET /api/localizedStrings?_t=1778047217561 200 in 924ms
 GET /api/homepageContent/bento 200 in 890ms
 GET /api/localizedStrings?_t=1778047217562 200 in 864ms
 GET /api/productionSteps?_t=1778047217992 200 in 581ms
 GET /api/settings/languages 200 in 565ms
 GET /api/auth/session 200 in 575ms
 GET /api/settings/languages 200 in 556ms
 GET /api/auth/session 200 in 559ms
 GET /api/settings/languages 200 in 515ms
 GET /api/auth/session 200 in 519ms
 GET /api/settings/languages 200 in 554ms
 GET /api/caseStudies?_t=1778047222837 200 in 512ms
 GET /api/caseStudies?_t=1778047222837 200 in 26198ms
 GET /api/settings/languages 200 in 26183ms
 ⨯ The requested resource "https://placehold.co/800x600?text=Retail+Case" has type "image/svg+xml" but dangerouslyAllowSVG is disabled. Consider adding the "unoptimized" property to the <Image>.
 GET /api/settings/languages 200 in -25393ms
 GET /api/settings/languages 200 in 513ms
 GET /api/settings/languages 200 in 331ms
 GET /api/auth/session 200 in 480ms
 GET /api/auth/session 200 in -25651ms
 GET /api/auth/session 200 in 336ms
 GET /api/auth/session 200 in 478ms
 GET /api/auth/session 200 in 354ms
 ✓ Compiled in 319ms
 GET /api/localizedStrings?_t=1778047296824 200 in 1157ms
 GET /api/bentoItems?_t=1778047296824 200 in 1134ms
 GET /api/settings/languages 200 in 1133ms
 GET /api/homepageContent/bento 200 in 1126ms
 GET /api/auth/session 200 in 480ms
 GET /api/auth/session 200 in 342ms
 GET /api/auth/session 200 in 341ms
 GET /api/auth/session 200 in 481ms
 GET /api/auth/session 200 in 338ms
 GET /api/auth/session 200 in 476ms
 GET /api/auth/session 200 in 344ms
 GET /api/auth/session 200 in 372ms
 GET /api/auth/session 200 in 26186ms
 GET /api/auth/session 200 in 344ms
 GET / 200 in 817ms
 GET /favicon.ico?favicon.7ed73651.ico 200 in -25004ms
 GET /api/homepageContent/hero 200 in -24703ms
 GET /api/localizedStrings?_t=1778047318935 200 in -24706ms
 GET /api/homepageContent/video 200 in -24704ms
 GET /api/homepageContent/map 200 in -24717ms
 GET /api/auth/session 200 in -24645ms
 GET /api/settings/languages 200 in 909ms
 GET /api/auth/session 200 in 521ms
 GET /api/localizedStrings?_t=1778047320622 200 in 766ms
 GET /api/localizedStrings?_t=1778047320624 200 in 760ms
 GET /api/settings/languages 200 in 738ms
 GET /api/auth/session 200 in 889ms
 GET /api/settings/navigation 200 in 823ms
 GET /api/productCategories?_t=1778047320623 200 in 867ms
 GET /api/localizedStrings?_t=1778047320626 200 in 823ms
 GET /api/bentoItems?_t=1778047320626 200 in 801ms
 GET /api/products?status=published&limit=8?_t=1778047320627 200 in 820ms
 GET /api/homepageContent/bento 200 in 929ms
 GET /api/localizedStrings?_t=1778047320627 200 in 923ms
 GET /api/localizedStrings?_t=1778047320630 200 in 924ms
 GET /api/productCategories?_t=1778047320630 200 in 895ms
 GET /api/localizedStrings?_t=1778047320631 200 in 723ms
 GET /api/bentoItems?_t=1778047320632 200 in 701ms
 GET /api/products?status=published&limit=8?_t=1778047320632 200 in 858ms
 GET /api/localizedStrings?_t=1778047320632 200 in 862ms
 GET /api/settings/languages 200 in 842ms
 GET /api/localizedStrings?_t=1778047320627 200 in 1103ms
 GET /api/settings/navigation 200 in 1388ms
 GET /api/homepageContent/bento 200 in 1391ms
 GET /api/localizedStrings?_t=1778047320631 200 in 1356ms
 GET /api/localizedStrings?_t=1778047320632 200 in 1314ms
 GET /api/auth/session 200 in 1481ms
 GET /api/settings/languages 200 in 438ms
 GET /api/auth/session 200 in 416ms
 GET /api/settings/languages 200 in 690ms
 GET /api/auth/session 200 in 678ms
 GET /api/settings/languages 200 in 407ms
 GET /api/auth/session 200 in 408ms
 GET /api/settings/languages 200 in 691ms
 GET /api/auth/session 200 in 698ms
 GET /api/settings/languages 200 in 419ms
 GET /api/auth/session 200 in 434ms
 GET /api/settings/languages 200 in 677ms
 GET /api/auth/session 200 in 839ms
 GET /api/productionSteps?_t=1778047327985 200 in 26544ms
 GET /api/productionSteps?_t=1778047327987 200 in 26559ms
 GET /api/caseStudies?_t=1778047327986 200 in 26562ms
 GET /api/caseStudies?_t=1778047327987 200 in 26562ms
 GET /api/settings/languages 200 in 26245ms
 GET /api/auth/session 200 in 26218ms
 GET /api/settings/languages 200 in -25072ms
 ⨯ The requested resource "https://placehold.co/800x600?text=Retail+Case" has type "image/svg+xml" but dangerouslyAllowSVG is disabled. Consider adding the "unoptimized" property to the <Image>.
 GET /api/auth/session 200 in -25088ms
 GET /api/auth/session 200 in 321ms
 GET /api/auth/session 200 in 321ms
 GET /api/auth/session 200 in 447ms
 GET /api/auth/session 200 in -24756ms
 GET /api/auth/session 200 in 319ms
 GET /api/auth/session 200 in 370ms
 GET /api/auth/session 200 in 610ms
 GET /api/auth/session 200 in 325ms
 GET /api/auth/session 200 in 444ms
 GET /api/auth/session 200 in 26047ms
 GET /api/auth/session 200 in -25397ms
 GET /api/auth/session 200 in 439ms
 GET /api/auth/session 200 in 324ms
 GET /api/auth/session 200 in 465ms
 GET /api/auth/session 200 in 325ms
 GET /api/auth/session 200 in 323ms
 GET /api/auth/session 200 in 323ms
 GET /api/auth/session 200 in 484ms
 ✓ Compiled in 291ms
 GET /api/localizedStrings?_t=1778047444077 200 in -25031ms
 GET /api/bentoItems?_t=1778047444082 200 in -25053ms
 GET /api/settings/languages 200 in -25050ms
 GET /api/homepageContent/bento 200 in -24904ms
 GET /api/auth/session 200 in 463ms
 GET /api/auth/session 200 in 26066ms
 GET /api/auth/session 200 in -25390ms
 GET /api/auth/session 200 in 515ms
 GET /api/auth/session 200 in 335ms
 GET /api/auth/session 200 in 450ms
 GET /api/auth/session 200 in 324ms
 GET /api/auth/session 200 in 319ms
 GET /api/auth/session 200 in 25677ms
 GET /api/auth/session 200 in -25545ms
 GET / 200 in 712ms
 GET /favicon.ico?favicon.7ed73651.ico 200 in 514ms
 GET /api/homepageContent/hero 200 in 824ms
 GET /api/homepageContent/video 200 in 821ms
 GET /api/homepageContent/map 200 in 814ms
 GET /api/localizedStrings?_t=1778047481380 200 in 765ms
 GET /api/auth/session 200 in 901ms
 GET /api/settings/languages 200 in 733ms
 GET /api/auth/session 200 in 467ms
 GET /api/localizedStrings?_t=1778047482701 200 in 660ms
 GET /api/localizedStrings?_t=1778047482706 200 in 649ms
 GET /api/settings/languages 200 in 650ms
 GET /api/productCategories?_t=1778047482704 200 in 681ms
 GET /api/settings/navigation 200 in 675ms
 GET /api/localizedStrings?_t=1778047482709 200 in 692ms
 GET /api/bentoItems?_t=1778047482712 200 in 627ms
 GET /api/localizedStrings?_t=1778047482715 200 in 26646ms
 GET /api/homepageContent/bento 200 in 26630ms
 GET /api/products?status=published&limit=8?_t=1778047482714 200 in 26653ms
 GET /api/localizedStrings?_t=1778047482716 200 in 26779ms
 GET /api/auth/session 200 in 26819ms
 GET /api/localizedStrings?_t=1778047482722 200 in -25041ms
 GET /api/productCategories?_t=1778047482724 200 in -25026ms
 GET /api/localizedStrings?_t=1778047482725 200 in -25022ms
 GET /api/localizedStrings?_t=1778047482727 200 in -25018ms
 GET /api/bentoItems?_t=1778047482730 200 in -25028ms
 GET /api/products?status=published&limit=8?_t=1778047482731 200 in -25055ms
 GET /api/localizedStrings?_t=1778047482732 200 in 617ms
 GET /api/caseStudies?_t=1778047483311 200 in 614ms
 GET /api/productionSteps?_t=1778047483309 200 in 616ms
 GET /api/productionSteps?_t=1778047483313 200 in 762ms
 GET /api/caseStudies?_t=1778047483314 200 in 753ms
 GET /api/settings/languages 200 in 740ms
 GET /api/settings/navigation 200 in 664ms
 GET /api/localizedStrings?_t=1778047482732 200 in 773ms
 GET /api/homepageContent/bento 200 in 761ms
 GET /api/settings/languages 200 in 892ms
 GET /api/auth/session 200 in 916ms
 GET /api/settings/languages 200 in 545ms
 GET /api/auth/session 200 in 550ms
 GET /api/settings/languages 200 in 339ms
 ⨯ The requested resource "https://placehold.co/800x600?text=Retail+Case" has type "image/svg+xml" but dangerouslyAllowSVG is disabled. Consider adding the "unoptimized" property to the <Image>.
 GET /api/settings/languages 200 in 344ms
 GET /api/settings/languages 200 in 445ms
 GET /api/settings/languages 200 in 355ms
 GET /api/settings/languages 200 in 26051ms
 GET /api/settings/languages 200 in -25279ms
 GET /api/auth/session 200 in 447ms
 GET /api/auth/session 200 in 326ms
 GET /api/auth/session 200 in 325ms
 GET /api/auth/session 200 in 448ms
 GET /api/auth/session 200 in 327ms
 GET /api/auth/session 200 in -25259ms
 GET /api/auth/session 200 in 589ms
 GET /api/auth/session 200 in 326ms
 GET /api/auth/session 200 in 441ms
 GET /api/auth/session 200 in 323ms
 GET /api/auth/session 200 in 462ms
 GET /api/auth/session 200 in 325ms
 GET /api/auth/session 200 in 322ms
 GET /api/auth/session 200 in 450ms
 GET /api/auth/session 200 in 322ms
 GET /api/auth/session 200 in -25533ms
 GET /api/auth/session 200 in 320ms
 GET /api/auth/session 200 in 340ms
 GET /api/auth/session 200 in 448ms
 GET /api/auth/session 200 in 326ms
 ✓ Compiled in 291ms
 GET /api/localizedStrings?_t=1778047578603 200 in 26394ms
 GET /api/settings/languages 200 in 26374ms
 GET /api/bentoItems?_t=1778047578608 200 in 26376ms
 GET /api/homepageContent/bento 200 in 26523ms
 GET /api/auth/session 200 in 460ms
 GET /api/auth/session 200 in 326ms
 GET /api/auth/session 200 in 319ms
 GET /api/auth/session 200 in 465ms
 GET /api/auth/session 200 in 26205ms
 GET / 200 in 697ms
 GET /api/auth/session 200 in -214ms
 GET /api/localizedStrings?_t=1778047594212 200 in 70ms
 GET /api/homepageContent/hero 200 in -24707ms
 GET /api/homepageContent/video 200 in -24706ms
 GET /api/homepageContent/map 200 in -24704ms
 GET /api/settings/languages 200 in -24710ms
 GET /favicon.ico?favicon.7ed73651.ico 200 in 511ms
 GET /api/auth/session 200 in 518ms
 GET /api/localizedStrings?_t=1778047595454 200 in 591ms
 GET /api/settings/languages 200 in 593ms
 GET /api/productCategories?_t=1778047595455 200 in 619ms
 GET /api/settings/navigation 200 in 585ms
 GET /api/localizedStrings?_t=1778047595455 200 in 445ms
 GET /api/localizedStrings?_t=1778047595457 200 in 445ms
 GET /api/homepageContent/bento 200 in 800ms
 GET /api/bentoItems?_t=1778047595458 200 in 770ms
 GET /api/products?status=published&limit=8?_t=1778047595458 200 in 773ms
 GET /api/localizedStrings?_t=1778047595459 200 in 775ms
 GET /api/localizedStrings?_t=1778047595462 200 in 658ms
 GET /api/productCategories?_t=1778047595463 200 in 651ms
 GET /api/localizedStrings?_t=1778047595463 200 in 747ms
 GET /api/localizedStrings?_t=1778047595464 200 in 745ms
 GET /api/bentoItems?_t=1778047595465 200 in 756ms
 GET /api/products?status=published&limit=8?_t=1778047595466 200 in 754ms
 GET /api/localizedStrings?_t=1778047595466 200 in 681ms
 GET /api/settings/languages 200 in 754ms
 GET /api/localizedStrings?_t=1778047595459 200 in 581ms
 GET /api/settings/navigation 200 in 582ms
 GET /api/localizedStrings?_t=1778047595466 200 in 743ms
 GET /api/homepageContent/bento 200 in 733ms
 GET /api/settings/languages 200 in 718ms
 GET /api/settings/languages 200 in 462ms
 GET /api/settings/languages 200 in 26051ms
 GET /api/settings/languages 200 in -25317ms
 GET /api/productionSteps?_t=1778047599446 200 in -25362ms
 GET /api/caseStudies?_t=1778047599742 200 in 502ms
 GET /api/caseStudies?_t=1778047599743 200 in 502ms
 GET /api/settings/languages 200 in 603ms
 GET /api/productionSteps?_t=1778047599446 200 in 596ms
 GET /api/settings/languages 200 in 385ms
 GET /api/settings/languages 200 in 317ms
 GET /api/settings/languages 200 in 463ms
 ⨯ The requested resource "https://placehold.co/800x600?text=Retail+Case" has type "image/svg+xml" but dangerouslyAllowSVG is disabled. Consider adding the "unoptimized" property to the <Image>.
 GET /api/auth/session 200 in 460ms
 GET /api/auth/session 200 in 338ms
 GET /api/auth/session 200 in 337ms
 GET / 200 in 260ms
 GET /api/auth/session 200 in 608ms
 GET /favicon.ico?favicon.7ed73651.ico 200 in 317ms
 GET /api/localizedStrings?_t=1778047629510 200 in -24665ms
 GET /api/homepageContent/hero 200 in -24681ms
 GET /api/homepageContent/map 200 in -24678ms
 GET /api/homepageContent/video 200 in -24676ms
 GET /api/settings/languages 200 in -24849ms
 GET /api/auth/session 200 in -24607ms
 GET /api/auth/session 200 in 435ms
 GET /api/localizedStrings?_t=1778047630749 200 in 777ms
 GET /api/productCategories?_t=1778047630752 200 in 955ms
 GET /api/settings/languages 200 in 954ms
 GET /api/localizedStrings?_t=1778047630754 200 in 955ms
 GET /api/settings/navigation 200 in 964ms
 GET /api/localizedStrings?_t=1778047630758 200 in 682ms
 GET /api/bentoItems?_t=1778047630762 200 in 614ms
 GET /api/products?status=published&limit=8?_t=1778047630763 200 in 624ms
 GET /api/localizedStrings?_t=1778047630764 200 in 625ms
 GET /api/localizedStrings?_t=1778047630765 200 in 763ms
 GET /api/homepageContent/bento 200 in 765ms
 GET /api/localizedStrings?_t=1778047630770 200 in 763ms
 GET /api/productCategories?_t=1778047630772 200 in 650ms
 GET /api/localizedStrings?_t=1778047630773 200 in 650ms
 GET /api/localizedStrings?_t=1778047630775 200 in 672ms
 GET /api/bentoItems?_t=1778047630778 200 in 666ms
 GET /api/products?status=published&limit=8?_t=1778047630779 200 in 668ms
 GET /api/localizedStrings?_t=1778047630780 200 in 668ms
 GET /api/productionSteps?_t=1778047631323 200 in 633ms
 GET /api/caseStudies?_t=1778047631324 200 in 640ms
 GET /api/productionSteps?_t=1778047631327 200 in 642ms
 GET /api/caseStudies?_t=1778047631328 200 in 934ms
 GET /api/settings/languages 200 in 918ms
 GET /api/auth/session 200 in 976ms
 GET /api/settings/navigation 200 in 26378ms
 GET /api/localizedStrings?_t=1778047630780 200 in 26507ms
 GET /api/homepageContent/bento 200 in 26491ms
 GET /api/settings/languages 200 in 26614ms
 GET /api/auth/session 200 in 26617ms
 GET /api/settings/languages 200 in 517ms
 GET /api/auth/session 200 in 517ms
 GET /api/settings/languages 200 in 328ms
 GET /api/settings/languages 200 in 343ms
 GET /api/settings/languages 200 in 437ms
 GET /api/settings/languages 200 in 321ms
 GET /api/settings/languages 200 in 320ms
 ⨯ The requested resource "https://placehold.co/800x600?text=Retail+Case" has type "image/svg+xml" but dangerouslyAllowSVG is disabled. Consider adding the "unoptimized" property to the <Image>.
 GET /api/settings/languages 200 in 468ms
 GET /api/auth/session 200 in 434ms
 GET /api/auth/session 200 in 331ms
 GET /api/auth/session 200 in 26053ms
 GET /api/auth/session 200 in -25273ms
 GET /api/auth/session 200 in 347ms
 GET /api/auth/session 200 in -25242ms
 GET /api/auth/session 200 in 335ms
 GET /api/auth/session 200 in 329ms
 GET /api/auth/session 200 in 543ms
 GET /api/auth/session 200 in 449ms
 ✓ Compiled in 278ms
 ✓ Compiled in 1ms
 GET /api/localizedStrings?_t=1778047696669 200 in 837ms
 GET /api/bentoItems?_t=1778047696671 200 in 827ms
 GET /api/homepageContent/bento 200 in 1110ms
 GET /api/settings/languages 200 in 1126ms
 GET /api/localizedStrings?_t=1778047696735 200 in 1105ms
 GET /api/bentoItems?_t=1778047696739 200 in 1092ms
 GET /api/settings/languages 200 in 1081ms
 GET /api/homepageContent/bento 200 in 1074ms
 ✓ Compiled in 164ms
 GET /api/localizedStrings?_t=1778047707385 200 in 3846ms
 GET /api/bentoItems?_t=1778047707386 200 in 3864ms
 GET /api/homepageContent/bento 200 in 4113ms
 GET /api/settings/languages 200 in 4124ms
 GET /api/localizedStrings?_t=1778047707388 200 in 4136ms
 GET /api/settings/languages 200 in 4110ms
 GET /api/homepageContent/bento 200 in 4108ms
 GET /api/bentoItems?_t=1778047707390 200 in 4138ms
 GET /api/auth/session 200 in 524ms
 GET /api/auth/session 200 in 326ms
 GET /api/auth/session 200 in 366ms
 GET /api/auth/session 200 in 459ms
 GET /api/auth/session 200 in 330ms
 GET /api/auth/session 200 in -25293ms
 GET /api/auth/session 200 in 322ms
 GET /api/auth/session 200 in 313ms
 GET / 200 in 793ms
 GET /api/auth/session 200 in 1085ms
 GET /api/localizedStrings?_t=1778048173306 200 in 1120ms
 GET /api/homepageContent/hero 200 in 1084ms
 GET /api/homepageContent/video 200 in 1079ms
 GET /api/homepageContent/map 200 in 1081ms
 GET /api/settings/languages 200 in 1074ms
 GET /api/auth/session 200 in 1219ms
 GET /favicon.ico?favicon.7ed73651.ico 200 in 516ms
 GET /api/localizedStrings?_t=1778048174596 200 in 574ms
 GET /api/localizedStrings?_t=1778048174601 200 in 589ms
 GET /api/settings/languages 200 in 592ms
 GET /api/productCategories?_t=1778048174598 200 in 614ms
 GET /api/settings/navigation 200 in 593ms
 GET /api/localizedStrings?_t=1778048174604 200 in 26101ms
 GET /api/homepageContent/bento 200 in 624ms
 GET /api/localizedStrings?_t=1778048174611 200 in 662ms
 GET /api/localizedStrings?_t=1778048174612 200 in 667ms
 GET /api/bentoItems?_t=1778048174608 200 in 672ms
 GET /api/products?status=published&limit=8?_t=1778048174610 200 in 674ms
 GET /api/localizedStrings?_t=1778048174618 200 in -25169ms
 GET /api/productCategories?_t=1778048174619 200 in 662ms
 GET /api/localizedStrings?_t=1778048174621 200 in 664ms
 GET /api/localizedStrings?_t=1778048174623 200 in 667ms
 GET /api/bentoItems?_t=1778048174626 200 in 670ms
 GET /api/products?status=published&limit=8?_t=1778048174627 200 in 674ms
 GET /api/localizedStrings?_t=1778048174628 200 in 671ms
 GET /api/productionSteps?_t=1778048174986 200 in 675ms
 GET /api/productionSteps?_t=1778048174989 200 in 963ms
 GET /api/settings/languages 200 in 946ms
 GET /api/settings/navigation 200 in 947ms
 GET /api/homepageContent/bento 200 in 1091ms
 GET /api/auth/session 200 in 1157ms
 GET /api/localizedStrings?_t=1778048174628 200 in 510ms
 GET /api/settings/languages 200 in 456ms
 GET /api/auth/session 200 in 447ms
 GET /api/settings/languages 200 in 635ms
 GET /api/auth/session 200 in 631ms
 GET /api/settings/languages 200 in 379ms
 GET /api/auth/session 200 in 413ms
 GET /api/settings/languages 200 in 349ms
 GET /api/settings/languages 200 in 456ms
 GET /api/settings/languages 200 in 26215ms
 GET /api/settings/languages 200 in -25431ms
 GET /api/settings/languages 200 in 581ms
 GET /api/caseStudies?_t=1778048180976 200 in 531ms
 GET /api/caseStudies?_t=1778048180978 200 in 530ms
 ⨯ The requested resource "https://placehold.co/800x600?text=Retail+Case" has type "image/svg+xml" but dangerouslyAllowSVG is disabled. Consider adding the "unoptimized" property to the <Image>.
 GET / 200 in 237ms
 GET /api/auth/session 200 in 765ms
 GET /api/localizedStrings?_t=1778048317434 200 in 1036ms
 GET /api/homepageContent/hero 200 in 1019ms
 GET /api/homepageContent/video 200 in 1020ms
 GET /api/homepageContent/map 200 in 1022ms
 GET /api/settings/languages 200 in 1010ms
 GET /favicon.ico?favicon.7ed73651.ico 200 in 646ms
 GET /api/auth/session 200 in 644ms
 GET /api/localizedStrings?_t=1778048318634 200 in 641ms
 GET /api/settings/languages 200 in 632ms
 GET /api/productCategories?_t=1778048318634 200 in 641ms
 GET /api/settings/navigation 200 in 616ms
 GET /api/localizedStrings?_t=1778048318635 200 in 681ms
 GET /api/localizedStrings?_t=1778048318637 200 in 679ms
 GET /api/bentoItems?_t=1778048318638 200 in 630ms
 GET /api/localizedStrings?_t=1778048318639 200 in 767ms
 GET /api/homepageContent/bento 200 in 765ms
 GET /api/products?status=published&limit=8?_t=1778048318638 200 in 790ms
 GET /api/localizedStrings?_t=1778048318642 200 in 26569ms
 GET /api/productCategories?_t=1778048318642 200 in 26405ms
 GET /api/localizedStrings?_t=1778048318643 200 in 26408ms
 GET /api/bentoItems?_t=1778048318644 200 in 26406ms
 GET /api/products?status=published&limit=8?_t=1778048318645 200 in 26401ms
 GET /api/localizedStrings?_t=1778048318645 200 in 26405ms
 GET /api/localizedStrings?_t=1778048318639 200 in -25020ms
 GET /api/settings/languages 200 in -24892ms
 GET /api/settings/navigation 200 in -24891ms
 GET /api/homepageContent/bento 200 in -24744ms
 GET /api/localizedStrings?_t=1778048318643 200 in -24848ms
 GET /api/localizedStrings?_t=1778048318645 200 in 881ms
 GET /api/settings/languages 200 in 323ms
 GET /api/settings/languages 200 in 313ms
 GET /api/settings/languages 200 in 457ms
 GET /api/settings/languages 200 in 498ms
 GET /api/productionSteps?_t=1778048322991 200 in 469ms
 GET /api/productionSteps?_t=1778048322992 200 in 469ms
 GET /api/caseStudies?_t=1778048323291 200 in 463ms
 GET /api/caseStudies?_t=1778048323292 200 in 470ms
 GET /api/settings/languages 200 in 350ms
 GET /api/settings/languages 200 in 489ms
 ⨯ The requested resource "https://placehold.co/800x600?text=Retail+Case" has type "image/svg+xml" but dangerouslyAllowSVG is disabled. Consider adding the "unoptimized" property to the <Image>.
 GET /api/settings/languages 200 in 327ms
 GET /api/settings/languages 200 in 330ms
 GET / 200 in 209ms
 GET /api/auth/session 200 in 524ms
 GET /api/localizedStrings?_t=1778048338636 200 in 1076ms
 GET /api/homepageContent/hero 200 in 1014ms
 GET /api/homepageContent/video 200 in 1010ms
 GET /api/homepageContent/map 200 in 1012ms
 GET /favicon.ico?favicon.7ed73651.ico 200 in 1086ms
 GET /api/settings/languages 200 in 1091ms
 GET /api/auth/session 200 in 26254ms
 GET /api/localizedStrings?_t=1778048340183 200 in 777ms
 GET /api/productCategories?_t=1778048340184 200 in 757ms
 GET /api/settings/languages 200 in 777ms
 GET /api/localizedStrings?_t=1778048340185 200 in 776ms
 GET /api/settings/navigation 200 in 761ms
 GET /api/localizedStrings?_t=1778048340186 200 in -25279ms
 GET /api/bentoItems?_t=1778048340187 200 in 675ms
 GET /api/products?status=published&limit=8?_t=1778048340187 200 in 687ms
 GET /api/localizedStrings?_t=1778048340188 200 in 703ms
 GET /api/productCategories?_t=1778048340191 200 in 693ms
 GET /api/localizedStrings?_t=1778048340191 200 in 699ms
 GET /api/localizedStrings?_t=1778048340192 200 in 644ms
 GET /api/localizedStrings?_t=1778048340193 200 in 673ms
 GET /api/bentoItems?_t=1778048340194 200 in 649ms
 GET /api/products?status=published&limit=8?_t=1778048340195 200 in 688ms
 GET /api/localizedStrings?_t=1778048340195 200 in 811ms
 GET /api/homepageContent/bento 200 in 812ms
 GET /api/productionSteps?_t=1778048340708 200 in 750ms
 GET /api/caseStudies?_t=1778048340709 200 in 622ms
 GET /api/productionSteps?_t=1778048340709 200 in 620ms
 GET /api/caseStudies?_t=1778048340710 200 in 621ms
 GET /api/localizedStrings?_t=1778048340188 200 in 766ms
 GET /api/settings/languages 200 in 757ms
 GET /api/settings/navigation 200 in 758ms
 GET /api/localizedStrings?_t=1778048340195 200 in 575ms
 GET /api/homepageContent/bento 200 in 556ms
 GET /api/settings/languages 200 in 563ms
 GET /api/settings/languages 200 in 452ms
 GET /api/settings/languages 200 in 361ms
 GET /api/settings/languages 200 in 347ms
 ⨯ The requested resource "https://placehold.co/800x600?text=Retail+Case" has type "image/svg+xml" but dangerouslyAllowSVG is disabled. Consider adding the "unoptimized" property to the <Image>.
 GET /api/settings/languages 200 in 26213ms
 GET /api/settings/languages 200 in 315ms
 GET /api/settings/languages 200 in 319ms
 GET /api/settings/languages 200 in 470ms
 GET /api/auth/session 200 in 541ms
 GET /api/auth/session 200 in 335ms
 GET /api/auth/session 200 in 330ms
 GET /api/auth/session 200 in -24281ms
 GET /api/auth/session 200 in 326ms
 GET /api/auth/session 200 in 445ms
 GET /api/auth/session 200 in 325ms
 GET /api/auth/session 200 in 326ms
 GET /api/auth/session 200 in 440ms
 GET /api/auth/session 200 in 321ms
 GET /api/auth/session 200 in 458ms
 GET /api/auth/session 200 in 375ms
 GET /api/auth/session 200 in 677ms
 GET /api/auth/session 200 in 324ms
 GET /api/auth/session 200 in 317ms
 GET /api/auth/session 200 in 26341ms
 GET /api/auth/session 200 in 326ms
 GET /api/auth/session 200 in 318ms
 GET /api/auth/session 200 in 443ms
 GET /api/auth/session 200 in -24927ms
 GET /api/auth/session 200 in 329ms
 GET /api/auth/session 200 in 454ms
 GET /api/auth/session 200 in 347ms
 GET /api/auth/session 200 in 324ms
 GET /api/auth/session 200 in 443ms
 GET /api/auth/session 200 in 324ms
 GET /api/auth/session 200 in 321ms
 GET /api/auth/session 200 in 467ms
 GET / 200 in 410ms
 GET /api/auth/session 200 in 25690ms
 GET /favicon.ico?favicon.7ed73651.ico 200 in 467ms
 GET /api/localizedStrings?_t=1778048386202 200 in 831ms
 GET /api/homepageContent/hero 200 in 821ms
 GET /api/homepageContent/video 200 in 814ms
 GET /api/homepageContent/map 200 in 815ms
 GET /api/auth/session 200 in 898ms
 GET /api/settings/languages 200 in 696ms
 GET /api/auth/session 200 in 523ms
 GET /api/localizedStrings?_t=1778048387440 200 in 674ms
 GET /api/productCategories?_t=1778048387442 200 in 674ms
 GET /api/settings/languages 200 in 686ms
 GET /api/localizedStrings?_t=1778048387445 200 in 679ms
 GET /api/settings/navigation 200 in 674ms
 GET /api/localizedStrings?_t=1778048387448 200 in 539ms
 GET /api/bentoItems?_t=1778048387452 200 in 598ms
 GET /api/products?status=published&limit=8?_t=1778048387454 200 in 604ms
 GET /api/localizedStrings?_t=1778048387455 200 in 752ms
 GET /api/localizedStrings?_t=1778048387456 200 in 757ms
 GET /api/homepageContent/bento 200 in 749ms
 GET /api/localizedStrings?_t=1778048387462 200 in 735ms
 GET /api/productCategories?_t=1778048387464 200 in 664ms
 GET /api/localizedStrings?_t=1778048387468 200 in 588ms
 GET /api/products?status=published&limit=8?_t=1778048387471 200 in 606ms
 GET /api/localizedStrings?_t=1778048387466 200 in 664ms
 GET /api/bentoItems?_t=1778048387470 200 in 614ms
 GET /api/localizedStrings?_t=1778048387472 200 in 615ms
 GET /api/localizedStrings?_t=1778048387473 200 in 603ms
 GET /api/productionSteps?_t=1778048387800 200 in 600ms
 GET /api/caseStudies?_t=1778048387801 200 in 751ms
 GET /api/productionSteps?_t=1778048387804 200 in 755ms
 GET /api/caseStudies?_t=1778048387805 200 in 750ms
 GET /api/auth/session 200 in 831ms
 GET /api/settings/languages 200 in 815ms
 GET /api/settings/navigation 200 in 817ms
 GET /api/homepageContent/bento 200 in 777ms
 GET /api/auth/session 200 in 759ms
 GET /api/settings/languages 200 in 542ms
 GET /api/auth/session 200 in 525ms
 GET /api/settings/languages 200 in 468ms
 GET /api/settings/languages 200 in 313ms
 GET /api/settings/languages 200 in 321ms
 GET /api/settings/languages 200 in 470ms
 GET /api/settings/languages 200 in 314ms
 GET /api/settings/languages 200 in 374ms
 ⨯ The requested resource "https://placehold.co/800x600?text=Retail+Case" has type "image/svg+xml" but dangerouslyAllowSVG is disabled. Consider adding the "unoptimized" property to the <Image>.
 GET /api/settings/languages 200 in 452ms
 GET /api/auth/session 200 in 449ms
 GET /api/auth/session 200 in 320ms
 GET /api/auth/session 200 in 316ms
 GET /api/auth/session 200 in 439ms
 GET /api/auth/session 200 in 26143ms
 ✓ Compiled in 195ms
 GET /api/localizedStrings?_t=1778048414359 200 in 896ms
 GET /api/bentoItems?_t=1778048414360 200 in 1041ms
 GET /api/settings/languages 200 in 1024ms
 GET /api/homepageContent/bento 200 in 1192ms
 GET /api/localizedStrings?_t=1778048414466 200 in 1119ms
 GET /api/bentoItems?_t=1778048414470 200 in 1096ms
 GET /api/settings/languages 200 in 1090ms
 GET /api/homepageContent/bento 200 in 1088ms
 GET /api/auth/session 200 in 491ms
 GET /api/auth/session 200 in 339ms
 GET /api/auth/session 200 in 26059ms
 GET /api/auth/session 200 in -25311ms
 GET /api/auth/session 200 in 333ms
 GET /api/auth/session 200 in 484ms
 GET /api/auth/session 200 in 330ms
 GET /api/auth/session 200 in 326ms
 GET /api/auth/session 200 in 330ms
 GET /api/auth/session 200 in 463ms
 GET /api/auth/session 200 in 469ms
 GET /api/auth/session 200 in 331ms
 GET /api/auth/session 200 in 324ms
 GET /api/auth/session 200 in -24957ms
 GET /api/auth/session 200 in 406ms
 ✓ Compiled in 158ms
 GET /api/localizedStrings?_t=1778048483190 200 in 989ms
 GET /api/settings/languages 200 in 968ms
 GET /api/bentoItems?_t=1778048483191 200 in 992ms
 GET /api/homepageContent/bento 200 in 1134ms
 GET /api/bentoItems?_t=1778048483255 200 in 1087ms
 GET /api/homepageContent/bento 200 in 1066ms
 GET /api/localizedStrings?_t=1778048483251 200 in 1125ms
 GET /api/settings/languages 200 in 1101ms
 GET /api/auth/session 200 in 469ms
 GET /api/auth/session 200 in 352ms
 GET /api/auth/session 200 in 319ms
 GET /api/auth/session 200 in 468ms
 GET /api/auth/session 200 in 326ms
 PUT /api/bentoItems/cmotn71fa0005ukpwe6rnf8cc 200 in 474ms
 GET /api/bentoItems?_t=1778048503612 200 in 328ms
 GET /api/auth/session 200 in 477ms
 GET /api/auth/session 200 in 26125ms
 GET / 200 in -25047ms
 GET /api/auth/session 200 in -24858ms
 GET /api/auth/session 200 in 542ms
 GET /favicon.ico?favicon.7ed73651.ico 200 in 466ms
 GET /api/localizedStrings?_t=1778048507693 200 in 824ms
 GET /api/homepageContent/hero 200 in 816ms
 GET /api/homepageContent/video 200 in 804ms
 GET /api/homepageContent/map 200 in 800ms
 GET /api/settings/languages 200 in 616ms
 GET /api/auth/session 200 in 1008ms
 GET /api/localizedStrings?_t=1778048508837 200 in 659ms
 GET /api/settings/languages 200 in 651ms
 GET /api/localizedStrings?_t=1778048508842 200 in 648ms
 GET /api/productCategories?_t=1778048508840 200 in 674ms
 GET /api/localizedStrings?_t=1778048508846 200 in 670ms
 GET /api/settings/navigation 200 in 667ms
 GET /api/bentoItems?_t=1778048508850 200 in 628ms
 GET /api/localizedStrings?_t=1778048508852 200 in 635ms
 GET /api/localizedStrings?_t=1778048508854 200 in 635ms
 GET /api/products?status=published&limit=8?_t=1778048508851 200 in 654ms
 GET /api/homepageContent/bento 200 in 773ms
 GET /api/localizedStrings?_t=1778048508859 200 in 776ms
 GET /api/productCategories?_t=1778048508860 200 in 26608ms
 GET /api/localizedStrings?_t=1778048508862 200 in 26607ms
 GET /api/localizedStrings?_t=1778048508864 200 in 26629ms
 GET /api/bentoItems?_t=1778048508866 200 in 26630ms
 GET /api/products?status=published&limit=8?_t=1778048508867 200 in 26624ms
 GET /api/localizedStrings?_t=1778048508868 200 in 26623ms
 GET /api/localizedStrings?_t=1778048508869 200 in -24995ms
 GET /api/productionSteps?_t=1778048509430 200 in -24829ms
 GET /api/productionSteps?_t=1778048509434 200 in -24830ms
 GET /api/caseStudies?_t=1778048509432 200 in -24827ms
 GET /api/caseStudies?_t=1778048509435 200 in -24826ms
 GET /api/auth/session 200 in -24780ms
 GET /api/settings/languages 200 in 947ms
 GET /api/settings/navigation 200 in 940ms
 GET /api/homepageContent/bento 200 in 889ms
 GET /api/auth/session 200 in 863ms
 GET /api/settings/languages 200 in 527ms
 GET /api/auth/session 200 in 518ms
 GET /api/settings/languages 200 in 534ms
 GET /api/auth/session 200 in 537ms
 GET /api/settings/languages 200 in 325ms
 GET /api/settings/languages 200 in 383ms
 ⨯ The requested resource "https://placehold.co/800x600?text=Retail+Case" has type "image/svg+xml" but dangerouslyAllowSVG is disabled. Consider adding the "unoptimized" property to the <Image>.
 GET /api/settings/languages 200 in 487ms
 GET /api/settings/languages 200 in 317ms
 GET /api/settings/languages 200 in 26087ms
 GET /api/settings/languages 200 in -25312ms
 GET /api/auth/session 200 in 467ms
 GET /api/auth/session 200 in 317ms
 GET /api/auth/session 200 in 324ms
 GET /api/auth/session 200 in 432ms
 GET /api/auth/session 200 in 320ms
 GET /api/auth/session 200 in 699ms
 GET /api/auth/session 200 in 340ms
 GET /api/auth/session 200 in 326ms
 GET /api/auth/session 200 in 320ms
 GET /api/auth/session 200 in 451ms
 GET /api/auth/session 200 in 480ms
 GET /api/auth/session 200 in 340ms
 GET /api/auth/session 200 in 330ms
 GET /api/auth/session 200 in 462ms
 GET /api/auth/session 200 in 329ms
 ✓ Compiled in 266ms
 GET /api/localizedStrings?_t=1778048621790 200 in 796ms
 GET /api/bentoItems?_t=1778048621791 200 in 799ms
 GET /api/homepageContent/bento 200 in 1109ms
 GET /api/settings/languages 200 in 1117ms
 GET /api/localizedStrings?_t=1778048621888 200 in 1060ms
 GET /api/bentoItems?_t=1778048621892 200 in 1037ms
 GET /api/settings/languages 200 in 1032ms
 GET /api/homepageContent/bento 200 in 1031ms
 GET /api/auth/session 200 in 447ms
 GET /api/auth/session 200 in 364ms
 GET /api/auth/session 200 in 319ms
 GET /api/auth/session 200 in 466ms
 GET /api/auth/session 200 in 317ms
 GET /api/auth/session 200 in 494ms
 GET /api/auth/session 200 in 339ms
 GET /api/auth/session 200 in 26132ms
 GET /api/auth/session 200 in -25448ms
 GET /api/auth/session 200 in 472ms
 GET /api/auth/session 200 in 463ms
 GET /api/auth/session 200 in 332ms
 GET /api/auth/session 200 in 325ms
 GET /api/auth/session 200 in 487ms
 GET /api/auth/session 200 in 329ms
 GET /api/auth/session 200 in 323ms
 GET /api/auth/session 200 in 483ms
 GET /api/auth/session 200 in -25587ms
 GET /api/auth/session 200 in 369ms
 GET /api/auth/session 200 in 478ms
 GET / 200 in 769ms
 GET /api/auth/session 200 in 775ms
 GET /api/auth/session 200 in 544ms
 GET /api/auth/session 200 in 689ms
 GET /favicon.ico?favicon.7ed73651.ico 200 in 671ms
 GET /api/localizedStrings?_t=1778049115043 200 in 787ms
 GET /api/homepageContent/hero 200 in 774ms
 GET /api/homepageContent/map 200 in 778ms
 GET /api/homepageContent/video 200 in 795ms
 GET /api/settings/languages 200 in 837ms
 GET /api/auth/session 200 in 834ms
 GET /api/auth/session 200 in 26409ms
 GET /api/localizedStrings?_t=1778049116635 200 in 819ms
 GET /api/localizedStrings?_t=1778049116640 200 in 991ms
 GET /api/settings/languages 200 in 993ms
 GET /api/productCategories?_t=1778049116637 200 in 1007ms
 GET /api/settings/navigation 200 in 983ms
 GET /api/localizedStrings?_t=1778049116644 200 in -25236ms
 GET /api/homepageContent/bento 200 in 930ms
 GET /api/bentoItems?_t=1778049116647 200 in 725ms
 GET /api/localizedStrings?_t=1778049116649 200 in 730ms
 GET /api/localizedStrings?_t=1778049116651 200 in 734ms
 GET /api/products?status=published&limit=8?_t=1778049116648 200 in 738ms
 GET /api/localizedStrings?_t=1778049116658 200 in 724ms
 GET /api/productCategories?_t=1778049116659 200 in 650ms
 GET /api/localizedStrings?_t=1778049116661 200 in 654ms
 GET /api/localizedStrings?_t=1778049116663 200 in 658ms
 GET /api/bentoItems?_t=1778049116665 200 in 671ms
 GET /api/products?status=published&limit=8?_t=1778049116666 200 in 672ms
 GET /api/localizedStrings?_t=1778049116666 200 in 669ms
 GET /api/localizedStrings?_t=1778049116667 200 in 665ms
 GET /api/settings/languages 200 in 926ms
 GET /api/settings/navigation 200 in 928ms
 GET /api/homepageContent/bento 200 in 930ms
 GET /api/auth/session 200 in 954ms
 GET /api/settings/languages 200 in 394ms
 GET /api/auth/session 200 in 401ms
 ✓ Compiled in 171ms
 GET /api/settings/languages 200 in 879ms
 GET /api/auth/session 200 in 917ms
 GET /api/localizedStrings?_t=1778049120667 200 in 27081ms
 GET /api/bentoItems?_t=1778049120669 200 in 27080ms
 GET /api/localizedStrings?_t=1778049120678 200 in 27080ms
 GET /api/bentoItems?_t=1778049120682 200 in 27077ms
 GET /api/settings/languages 200 in 27348ms
 GET /api/homepageContent/bento 200 in 27345ms
 GET /api/homepageContent/bento 200 in 27347ms
 GET /api/settings/languages 200 in 26964ms
 GET /api/auth/session 200 in 26922ms
 GET /api/settings/languages 200 in 330ms
 GET /api/settings/languages 200 in -24774ms
 GET /api/settings/languages 200 in 446ms
 GET /api/productionSteps?_t=1778049123386 200 in 587ms
 GET /api/caseStudies?_t=1778049123390 200 in 598ms
 GET /api/caseStudies?_t=1778049123387 200 in 602ms
 GET /api/productionSteps?_t=1778049123389 200 in 603ms
 GET /api/settings/languages 200 in 615ms
 GET /api/auth/session 200 in 815ms
 ⨯ The requested resource "https://placehold.co/800x600?text=Retail+Case" has type "image/svg+xml" but dangerouslyAllowSVG is disabled. Consider adding the "unoptimized" property to the <Image>.
 GET /api/settings/languages 200 in 325ms
 GET /api/auth/session 200 in 334ms
 GET /api/settings/languages 200 in 322ms
 GET /api/auth/session 200 in 455ms
 GET /api/auth/session 200 in 370ms
 GET /api/auth/session 200 in 312ms
 GET /api/auth/session 200 in 4053ms
 GET /api/auth/session 200 in 343ms
 GET /api/auth/session 200 in 331ms
 GET /api/auth/session 200 in 332ms
 GET /api/auth/session 200 in 462ms
 ✓ Compiled in 312ms
 ✓ Compiled in 1ms
 GET /api/localizedStrings?_t=1778049210804 200 in 769ms
 GET /api/homepageContent/bento 200 in 906ms
 GET /api/bentoItems?_t=1778049210805 200 in 933ms
 GET /api/settings/languages 200 in 1101ms
 GET /api/localizedStrings?_t=1778049210915 200 in 1029ms
 GET /api/bentoItems?_t=1778049210919 200 in 1004ms
 GET /api/settings/languages 200 in 1001ms
 GET /api/homepageContent/bento 200 in 1000ms
 GET /api/auth/session 200 in 462ms
 GET /api/auth/session 200 in 331ms
 GET /api/auth/session 200 in 331ms
 GET /api/auth/session 200 in 475ms
 GET /api/auth/session 200 in 330ms
 GET /api/auth/session 200 in 452ms
 GET /api/auth/session 200 in 354ms
 GET /api/auth/session 200 in 312ms
 GET /api/auth/session 200 in 448ms
 GET /api/auth/session 200 in 342ms
 GET /api/auth/session 200 in 444ms
 GET /api/auth/session 200 in 324ms
 GET /api/auth/session 200 in 333ms
 GET /api/auth/session 200 in 451ms
 GET /api/auth/session 200 in 320ms
 GET /api/auth/session 200 in 492ms
 GET /api/auth/session 200 in 325ms
 GET /api/auth/session 200 in 331ms
 GET /api/auth/session 200 in -24843ms
 GET /api/auth/session 200 in 482ms
 ✓ Compiled in 253ms
 GET /api/localizedStrings?_t=1778049321141 200 in 770ms
 GET /api/localizedStrings?_t=1778049321138 200 in 772ms
 GET /api/bentoItems?_t=1778049321140 200 in 763ms
 GET /api/bentoItems?_t=1778049321142 200 in 915ms
 GET /api/settings/languages 200 in 906ms
 GET /api/settings/languages 200 in 897ms
 GET /api/homepageContent/bento 200 in 1058ms
 GET /api/homepageContent/bento 200 in 1051ms
 GET /api/auth/session 200 in 496ms
 GET /api/auth/session 200 in 336ms
 GET /api/auth/session 200 in 26150ms
 GET /api/auth/session 200 in -25362ms
 GET /api/auth/session 200 in 333ms
 GET /api/auth/session 200 in 478ms
 GET /api/auth/session 200 in 343ms
 GET /api/auth/session 200 in 320ms
 GET /api/auth/session 200 in 26113ms
 GET /api/auth/session 200 in -25437ms
 GET /api/auth/session 200 in 467ms
 GET /api/auth/session 200 in 327ms
 GET /api/auth/session 200 in 323ms
 GET /api/auth/session 200 in 457ms
 GET /api/auth/session 200 in 26124ms
 ✓ Compiled in 169ms
 GET /api/localizedStrings?_t=1778049387460 200 in -25022ms
 GET /api/localizedStrings?_t=1778049387461 200 in -25043ms
 GET /api/bentoItems?_t=1778049387461 200 in -24725ms
 GET /api/bentoItems?_t=1778049387463 200 in -24737ms
 GET /api/homepageContent/bento 200 in -24747ms
 GET /api/settings/languages 200 in -24756ms
 GET /api/settings/languages 200 in -24733ms
 GET /api/homepageContent/bento 200 in -24754ms
 GET /api/auth/session 200 in 462ms
 GET /api/auth/session 200 in 325ms
 GET /api/auth/session 200 in 334ms
 GET /api/auth/session 200 in 469ms
 GET /api/auth/session 200 in 379ms
 GET /api/auth/session 200 in 477ms
 GET /api/auth/session 200 in 338ms
 GET /api/auth/session 200 in 322ms
 GET /api/auth/session 200 in 459ms
 GET /api/auth/session 200 in 324ms
 GET /api/auth/session 200 in 461ms
 GET /api/auth/session 200 in 371ms
 GET /api/auth/session 200 in 380ms
 GET /api/auth/session 200 in 464ms
 GET /api/auth/session 200 in 332ms
 GET /api/auth/session 200 in 26236ms
 GET /api/auth/session 200 in 326ms
 GET /api/auth/session 200 in 317ms
 GET /api/auth/session 200 in 453ms
 GET /api/auth/session 200 in 317ms
 GET /api/auth/session 200 in 486ms
 GET /api/auth/session 200 in 357ms
 GET /api/auth/session 200 in 324ms
 GET /api/auth/session 200 in 320ms
 GET /api/auth/session 200 in 465ms
 GET /api/auth/session 200 in 328ms
 GET /api/auth/session 200 in 315ms
 GET /api/auth/session 200 in 450ms
 GET /api/auth/session 200 in 331ms
 GET /api/auth/session 200 in 26135ms
 GET /api/auth/session 200 in 509ms
 GET /api/auth/session 200 in -25609ms
 GET /api/auth/session 200 in 330ms
 GET /api/auth/session 200 in 470ms
 GET /api/auth/session 200 in 324ms
 GET /api/auth/session 200 in 446ms
 GET /api/auth/session 200 in 495ms
 GET /api/auth/session 200 in 328ms
 GET /api/auth/session 200 in 26266ms
 GET /api/auth/session 200 in -25315ms
 GET /api/auth/session 200 in 501ms
 GET /api/auth/session 200 in 346ms
 GET /api/auth/session 200 in 328ms
 GET /api/auth/session 200 in 465ms
 GET /api/auth/session 200 in 328ms
 GET /api/auth/session 200 in 468ms
 GET /api/auth/session 200 in 326ms
 GET /api/auth/session 200 in 322ms
 GET /api/auth/session 200 in 458ms
 GET /api/auth/session 200 in 320ms
 GET /api/auth/session 200 in -25358ms
 GET /api/auth/session 200 in 326ms
 GET /api/auth/session 200 in 324ms
 GET /api/auth/session 200 in 450ms
 GET /api/auth/session 200 in 325ms
 GET /api/auth/session 200 in -25334ms
 GET /api/auth/session 200 in 323ms
 GET /api/auth/session 200 in 407ms
 GET /api/auth/session 200 in 465ms
 GET /api/auth/session 200 in 319ms
 GET /api/auth/session 200 in 468ms
 GET /api/auth/session 200 in 330ms
 GET /api/auth/session 200 in 323ms
 GET /api/auth/session 200 in 461ms
 GET /api/auth/session 200 in 326ms
 GET /api/auth/session 200 in 459ms
 GET /api/auth/session 200 in 26037ms
 GET /api/auth/session 200 in -25479ms
 GET /api/auth/session 200 in 464ms
 GET /api/auth/session 200 in 331ms
 GET /api/auth/session 200 in 465ms
 GET /api/auth/session 200 in 323ms
 GET /api/auth/session 200 in 323ms
 GET /api/auth/session 200 in 447ms
 GET /api/auth/session 200 in 335ms
 GET /api/auth/session 200 in 26264ms
 GET /api/auth/session 200 in 335ms
 GET /api/auth/session 200 in -25549ms
 GET /api/auth/session 200 in 320ms
 GET /api/auth/session 200 in 468ms
 GET /api/auth/session 200 in 501ms
 GET /api/auth/session 200 in 335ms
 GET /api/auth/session 200 in 26137ms
 GET /api/auth/session 200 in -25343ms
 GET /api/auth/session 200 in 322ms
 GET /api/auth/session 200 in 468ms
 GET /api/auth/session 200 in 327ms
 GET /api/auth/session 200 in 332ms
 GET /api/auth/session 200 in 482ms
 GET /api/auth/session 200 in 326ms
 GET /api/auth/session 200 in 331ms
 GET /api/auth/session 200 in 26280ms
 GET /api/auth/session 200 in 336ms
 GET /api/auth/session 200 in 336ms
 GET /api/auth/session 200 in 465ms
 ✓ Compiled in 189ms
 GET /api/localizedStrings?_t=1778049766153 200 in 796ms
 GET /api/bentoItems?_t=1778049766154 200 in 1148ms
 GET /api/localizedStrings?_t=1778049766166 200 in 1121ms
 GET /api/bentoItems?_t=1778049766168 200 in 1121ms
 GET /api/homepageContent/bento 200 in 1124ms
 GET /api/settings/languages 200 in 1130ms
 GET /api/settings/languages 200 in 1119ms
 GET /api/homepageContent/bento 200 in 1119ms
 GET /api/auth/session 200 in 470ms
 GET /api/auth/session 200 in 338ms
 GET /api/auth/session 200 in 347ms
 GET /api/auth/session 200 in 493ms
 GET /api/auth/session 200 in 326ms
 GET /api/auth/session 200 in 322ms
 GET /api/auth/session 200 in 475ms
 GET /api/auth/session 200 in 334ms
 GET /api/auth/session 200 in 324ms
 GET /api/auth/session 200 in 483ms
 ✓ Compiled in 162ms
 GET /api/localizedStrings?_t=1778049840029 200 in 776ms
 GET /api/localizedStrings?_t=1778049840028 200 in 793ms
 GET /api/bentoItems?_t=1778049840030 200 in 782ms
 GET /api/bentoItems?_t=1778049840030 200 in 772ms
 GET /api/settings/languages 200 in 1078ms
 GET /api/settings/languages 200 in 1061ms
 GET /api/homepageContent/bento 200 in 1059ms
 GET /api/homepageContent/bento 200 in 1059ms
 GET /api/auth/session 200 in 475ms
 GET /api/auth/session 200 in 368ms
 GET /api/auth/session 200 in 323ms
 GET /api/auth/session 200 in 458ms
 GET /api/auth/session 200 in 326ms
 GET /api/auth/session 200 in 483ms
 GET /api/auth/session 200 in 336ms
 GET /api/auth/session 200 in 327ms
 GET /api/auth/session 200 in 472ms
 GET /api/auth/session 200 in 324ms
 GET /api/auth/session 200 in 471ms
 GET /api/auth/session 200 in 328ms
 GET /api/auth/session 200 in 321ms
 GET /api/auth/session 200 in 475ms
 ○ Compiling /admin/settings ...
 GET /api/auth/session 200 in 326ms
 ✓ Compiled /admin/settings in 27s
 GET /admin/settings 200 in 27188ms
 GET /api/settings/languages 200 in 484ms
 ○ Compiling /api/admin/system/status ...
 ✓ Compiled /api/admin/system/status in 541ms
 GET /api/settings/languages 200 in 486ms
 GET /api/admin/system/backups 200 in 1019ms
 GET /api/admin/system/status 200 in 1024ms
 GET /api/admin/system/backups 200 in 497ms
 GET /api/admin/system/status 200 in 499ms
 GET /api/admin/system/backups 200 in 381ms
 GET /api/admin/system/status 200 in 384ms
 GET /api/admin/system/backups 200 in 391ms
 GET /api/admin/system/status 200 in 386ms
 GET /api/auth/session 200 in -25448ms
 GET /api/auth/session 200 in 345ms
 GET /api/auth/session 200 in 332ms
 GET /api/auth/session 200 in 472ms
 GET /api/auth/session 200 in 328ms
 GET /api/auth/session 200 in 362ms
 GET /api/auth/session 200 in 485ms
 GET /api/auth/session 200 in 331ms
 GET /api/auth/session 200 in 323ms
 GET /api/auth/session 200 in 480ms
 GET / 200 in 663ms
 GET /favicon.ico?favicon.7ed73651.ico 200 in 711ms
 GET /api/localizedStrings?_t=1778049895902 200 in 985ms
 GET /api/homepageContent/hero 200 in 985ms
 GET /api/homepageContent/video 200 in 986ms
 GET /api/homepageContent/map 200 in 964ms
 GET /api/auth/session 200 in 1041ms
 GET /api/settings/languages 200 in 883ms
 GET /api/auth/session 200 in 530ms
 GET /api/localizedStrings?_t=1778049897557 200 in 26634ms
 GET /api/localizedStrings?_t=1778049897558 200 in 26623ms
 GET /api/settings/languages 200 in 26612ms
 GET /api/productCategories?_t=1778049897557 200 in 26629ms
 GET /api/auth/session 200 in 26781ms
 GET /api/settings/navigation 200 in 1006ms
 GET /api/localizedStrings?_t=1778049897560 200 in -25024ms
 GET /api/bentoItems?_t=1778049897560 200 in -24860ms
 GET /api/products?status=published&limit=8?_t=1778049897561 200 in -24860ms
 GET /api/homepageContent/bento 200 in -24874ms
 GET /api/localizedStrings?_t=1778049897561 200 in -24881ms
 GET /api/localizedStrings?_t=1778049897564 200 in 765ms
 GET /api/productCategories?_t=1778049897564 200 in 649ms
 GET /api/bentoItems?_t=1778049897565 200 in 647ms
 GET /api/products?status=published&limit=8?_t=1778049897565 200 in 649ms
 GET /api/localizedStrings?_t=1778049897565 200 in 811ms
 GET /api/productionSteps?_t=1778049897898 200 in 808ms
 GET /api/settings/languages 200 in 798ms
 GET /api/localizedStrings?_t=1778049897561 200 in 704ms
 GET /api/localizedStrings?_t=1778049897564 200 in 846ms
 GET /api/settings/navigation 200 in 847ms
 GET /api/homepageContent/bento 200 in 1003ms
 GET /api/localizedStrings?_t=1778049897565 200 in 807ms
 GET /api/auth/session 200 in 1043ms
 GET /api/productionSteps?_t=1778049897898 200 in 540ms
 GET /api/localizedStrings?_t=1778049897564 200 in 687ms
 GET /api/settings/languages 200 in 679ms
 GET /api/auth/session 200 in 676ms
 GET /api/settings/languages 200 in 334ms
 GET /api/settings/languages 200 in 313ms
 GET /api/settings/languages 200 in 581ms
 GET /api/caseStudies?_t=1778049902666 200 in 563ms
 GET /api/caseStudies?_t=1778049902667 200 in 566ms
 GET /api/settings/languages 200 in 26203ms
 GET /api/settings/languages 200 in 347ms
 GET /api/settings/languages 200 in 447ms
 GET /api/settings/languages 200 in -24986ms
 ⨯ The requested resource "https://placehold.co/800x600?text=Retail+Case" has type "image/svg+xml" but dangerouslyAllowSVG is disabled. Consider adding the "unoptimized" property to the <Image>.
 GET /api/auth/session 200 in 496ms
 GET /api/auth/session 200 in -25489ms
 GET /api/auth/session 200 in 321ms
 GET /api/auth/session 200 in 452ms
 GET /api/auth/session 200 in 328ms
 ✓ Compiled in 158ms
 GET /api/localizedStrings?_t=1778049995115 200 in 758ms
 GET /api/bentoItems?_t=1778049995117 200 in 760ms
 GET /api/settings/languages 200 in 1033ms
 GET /api/homepageContent/bento 200 in 1035ms
 GET /api/localizedStrings?_t=1778049995143 200 in 1035ms
 GET /api/bentoItems?_t=1778049995144 200 in 1020ms
 GET /api/settings/languages 200 in 1027ms
 GET /api/homepageContent/bento 200 in 1028ms
 GET /api/settings/languages 200 in 385ms
 GET /api/settings/languages 200 in 385ms
 ✓ Compiled in 160ms
 GET /api/localizedStrings?_t=1778050022641 200 in 783ms
 GET /api/bentoItems?_t=1778050022642 200 in 26706ms
 GET /api/localizedStrings?_t=1778050022636 200 in 26700ms
 GET /api/bentoItems?_t=1778050022638 200 in 26694ms
 GET /api/settings/languages 200 in 27008ms
 GET /api/homepageContent/bento 200 in 27011ms
 GET /api/settings/languages 200 in 26990ms
 GET /api/homepageContent/bento 200 in 26988ms
 GET /api/settings/languages 200 in 396ms
 GET /api/settings/languages 200 in 396ms
 GET /api/auth/session 200 in 474ms
 GET /api/auth/session 200 in 332ms
 GET /api/auth/session 200 in 343ms
 GET /api/auth/session 200 in 327ms
 GET /api/auth/session 200 in 459ms
 GET / 200 in 1349ms
 GET /api/auth/session 200 in 1176ms
 GET /api/homepageContent/hero 200 in 1178ms
 GET /api/homepageContent/map 200 in 1179ms
 GET /api/homepageContent/video 200 in 1182ms
 GET /api/localizedStrings?_t=1778050150401 200 in 1186ms
 GET /api/settings/languages 200 in 1168ms
 GET /favicon.ico?favicon.7ed73651.ico 200 in 693ms
 GET /api/auth/session 200 in 872ms
 GET /api/localizedStrings?_t=1778050151858 200 in 814ms
 GET /api/settings/languages 200 in 1031ms
 GET /api/productCategories?_t=1778050151859 200 in 1031ms
 GET /api/settings/navigation 200 in 1000ms
 GET /api/localizedStrings?_t=1778050151859 200 in 742ms
 GET /api/localizedStrings?_t=1778050151860 200 in 931ms
 GET /api/homepageContent/bento 200 in 26743ms
 GET /api/localizedStrings?_t=1778050151862 200 in 26733ms
 GET /api/products?status=published&limit=8?_t=1778050151862 200 in 26736ms
 GET /api/bentoItems?_t=1778050151862 200 in 26747ms
 GET /api/localizedStrings?_t=1778050151863 200 in 26284ms
 GET /api/localizedStrings?_t=1778050151865 200 in -24764ms
 GET /api/bentoItems?_t=1778050151869 200 in -24770ms
 GET /api/productCategories?_t=1778050151866 200 in -24744ms
 GET /api/localizedStrings?_t=1778050151867 200 in -24739ms
 GET /api/products?status=published&limit=8?_t=1778050151869 200 in -24725ms
 GET /api/localizedStrings?_t=1778050151869 200 in -24726ms
 GET /api/localizedStrings?_t=1778050151870 200 in 719ms
 GET /api/settings/languages 200 in 812ms
 GET /api/productionSteps?_t=1778050152361 200 in 1000ms
 GET /api/productionSteps?_t=1778050152360 200 in 1007ms
 GET /api/settings/navigation 200 in 936ms
 GET /api/homepageContent/bento 200 in 937ms
 GET /api/localizedStrings?_t=1778050151867 200 in 752ms
 GET /api/settings/languages 200 in 398ms
 GET /api/settings/languages 200 in 508ms
 GET /api/settings/languages 200 in 328ms
 GET /api/settings/languages 200 in 335ms
 GET /api/settings/languages 200 in 464ms
 GET /api/settings/languages 200 in 26458ms
 GET /api/caseStudies?_t=1778050158317 200 in 26447ms
 GET /api/caseStudies?_t=1778050158318 200 in 26482ms
 GET /api/settings/languages 200 in -25205ms
 GET /api/settings/languages 200 in 364ms
 GET /api/settings/languages 200 in 354ms
 ⨯ The requested resource "https://placehold.co/800x600?text=Retail+Case" has type "image/svg+xml" but dangerouslyAllowSVG is disabled. Consider adding the "unoptimized" property to the <Image>.
 GET /api/settings/languages 200 in 480ms
 GET / 200 in 217ms
 GET /favicon.ico?favicon.7ed73651.ico 200 in 611ms
 GET /api/auth/session 200 in 750ms
 GET /api/homepageContent/hero 200 in 26738ms
 GET /api/homepageContent/video 200 in 26740ms
 GET /api/localizedStrings?_t=1778050167887 200 in 26945ms
 GET /api/homepageContent/map 200 in 26941ms
 GET /api/settings/languages 200 in -25275ms
 GET /api/auth/session 200 in -25290ms
 GET /api/localizedStrings?_t=1778050169618 200 in 624ms
 GET /api/settings/languages 200 in 639ms
 GET /api/productCategories?_t=1778050169620 200 in 649ms
 GET /api/localizedStrings?_t=1778050169623 200 in 663ms
 GET /api/localizedStrings?_t=1778050169627 200 in 663ms
 GET /api/settings/navigation 200 in 662ms
 GET /api/bentoItems?_t=1778050169633 200 in 602ms
 GET /api/products?status=published&limit=8?_t=1778050169634 200 in 616ms
 GET /api/localizedStrings?_t=1778050169636 200 in 622ms
 GET /api/localizedStrings?_t=1778050169637 200 in 625ms
 GET /api/localizedStrings?_t=1778050169643 200 in 796ms
 GET /api/homepageContent/bento 200 in 788ms
 GET /api/productCategories?_t=1778050169645 200 in 717ms
 GET /api/localizedStrings?_t=1778050169647 200 in 721ms
 GET /api/localizedStrings?_t=1778050169650 200 in 725ms
 GET /api/bentoItems?_t=1778050169654 200 in 743ms
 GET /api/products?status=published&limit=8?_t=1778050169655 200 in 728ms
 GET /api/localizedStrings?_t=1778050169656 200 in 731ms
 GET /api/productionSteps?_t=1778050170536 200 in 595ms
 GET /api/caseStudies?_t=1778050170539 200 in 764ms
 GET /api/settings/languages 200 in 755ms
 GET /api/settings/navigation 200 in 765ms
 GET /api/productionSteps?_t=1778050170541 200 in 764ms
 GET /api/caseStudies?_t=1778050170542 200 in 765ms
 GET /api/localizedStrings?_t=1778050169656 200 in 603ms
 GET /api/homepageContent/bento 200 in 602ms
 GET /api/settings/languages 200 in 590ms
 GET /api/settings/languages 200 in 26289ms
 GET /api/settings/languages 200 in -25494ms
 GET /api/settings/languages 200 in 318ms
 GET /api/settings/languages 200 in 466ms
 GET /api/settings/languages 200 in 486ms
 GET /api/settings/languages 200 in 323ms
 GET /api/settings/languages 200 in 449ms
 ⨯ The requested resource "https://placehold.co/800x600?text=Retail+Case" has type "image/svg+xml" but dangerouslyAllowSVG is disabled. Consider adding the "unoptimized" property to the <Image>.
 GET /api/settings/languages 200 in 324ms
 GET /api/settings/languages 200 in 313ms
 GET /api/auth/session 200 in 490ms
 GET /api/auth/session 200 in 321ms
 GET /api/auth/session 200 in 323ms
 GET /api/auth/session 200 in 322ms
 GET /api/auth/session 200 in 472ms
 GET /api/auth/session 200 in 443ms
 GET /api/auth/session 200 in 347ms
 GET /api/auth/session 200 in 316ms
 GET /api/auth/session 200 in 26329ms
 GET /api/auth/session 200 in 321ms
 GET /api/auth/session 200 in 459ms
 GET /api/auth/session 200 in 318ms
 GET /api/auth/session 200 in 325ms
 GET /api/auth/session 200 in 535ms
 GET /api/auth/session 200 in 338ms
 GET /admin/translations 200 in 176ms
 GET /api/settings/languages 200 in 799ms
 GET /api/localizedStrings?_t=1778050695101 200 in 788ms
 GET /api/galleryCategories?_t=1778050695102 200 in 790ms
 GET /api/products?_t=1778050695102 200 in 794ms
 GET /api/productCategories?_t=1778050695102 200 in 801ms
 GET /api/settings/ai 200 in 799ms
 GET /api/localizedStrings?_t=1778050695104 200 in 635ms
 GET /api/products?_t=1778050695104 200 in 615ms
 GET /api/productCategories?_t=1778050695104 200 in 612ms
 GET /api/galleryCategories?_t=1778050695104 200 in 614ms
 GET /api/settings/languages 200 in 605ms
 GET /api/settings/ai 200 in 606ms
 GET /api/auth/session 200 in 486ms
 GET /api/auth/session 200 in 320ms
 GET /api/auth/session 200 in 313ms
 GET /api/auth/session 200 in 26439ms
 GET /api/auth/session 200 in -25533ms
 GET /api/auth/session 200 in 463ms
 GET /api/auth/session 200 in 345ms
 GET /api/auth/session 200 in 316ms
 GET /api/auth/session 200 in 456ms
 GET /api/auth/session 200 in 26288ms
 GET /api/auth/session 200 in -25503ms
 GET /api/auth/session 200 in 467ms
 GET /api/auth/session 200 in 330ms
 GET /admin/home 200 in 1126ms
 GET /api/auth/session 200 in 1433ms
 GET /api/bentoItems?_t=1778050732434 200 in 820ms
 GET /api/productCategories?_t=1778050732434 200 in 794ms
 GET /api/homepageContent/hero 200 in 811ms
 GET /api/homepageContent/video 200 in 807ms
 GET /api/homepageContent/bento 200 in 806ms
 GET /api/localizedStrings?_t=1778050732434 200 in 781ms
 GET /api/bentoItems?_t=1778050732435 200 in 620ms
 GET /api/productCategories?_t=1778050732436 200 in 922ms
 GET /api/localizedStrings?_t=1778050732436 200 in 928ms
 GET /api/settings/ai 200 in 915ms
 GET /api/homepageContent/hero 200 in 1115ms
 GET /api/auth/session 200 in 1164ms
 GET /api/galleryAssets?_t=1778050733423 200 in 633ms
 GET /api/galleryCategories?_t=1778050733424 200 in 633ms
 GET /api/galleryAssets?_t=1778050733425 200 in 633ms
 GET /api/homepageContent/video 200 in 642ms
 GET /api/homepageContent/bento 200 in 639ms
 GET /api/galleryCategories?_t=1778050733425 200 in 611ms
 GET /api/settings/ai 200 in 751ms
 GET /api/auth/session 200 in 756ms
 GET /api/auth/session 200 in 328ms
 GET /api/auth/session 200 in 328ms
 GET /api/auth/session 200 in 504ms
 GET /api/auth/session 200 in 336ms
 GET /api/auth/session 200 in 460ms
 GET /api/auth/session 200 in 332ms
 GET /api/auth/session 200 in 324ms
 GET /api/auth/session 200 in 459ms
 GET /api/auth/session 200 in 323ms
 GET /api/auth/session 200 in 469ms
 GET /api/auth/session 200 in 380ms
 GET /api/auth/session 200 in 486ms
 GET /api/auth/session 200 in 469ms
 GET /api/auth/session 200 in 326ms
 GET /api/auth/session 200 in 484ms
 GET /api/auth/session 200 in 327ms
 GET /api/auth/session 200 in 320ms
 GET /api/auth/session 200 in 335ms
 GET /api/auth/session 200 in 467ms
 GET /api/auth/session 200 in 461ms
 GET /api/auth/session 200 in 323ms
 GET /api/auth/session 200 in 325ms
 GET /api/auth/session 200 in 469ms
 GET /api/auth/session 200 in 328ms
 GET /api/auth/session 200 in 545ms
 GET /api/auth/session 200 in 349ms
 GET /api/auth/session 200 in 416ms
 GET /api/auth/session 200 in 459ms
 GET /api/auth/session 200 in 326ms
 GET / 200 in 266ms
 GET /api/auth/session 200 in 981ms
 GET /api/homepageContent/hero 200 in 1274ms
 GET /api/homepageContent/video 200 in 1268ms
 GET /api/homepageContent/map 200 in 1268ms
 GET /api/localizedStrings?_t=1778050848334 200 in 1282ms
 GET /api/settings/languages 200 in 1262ms
 GET /favicon.ico?favicon.7ed73651.ico 200 in 26251ms
 GET /api/auth/session 200 in 26241ms
 GET /api/localizedStrings?_t=1778050849974 200 in -25212ms
 GET /api/settings/languages 200 in -25069ms
 GET /api/productCategories?_t=1778050849977 200 in -25040ms
 GET /api/settings/navigation 200 in -25045ms
 GET /api/localizedStrings?_t=1778050849979 200 in -25156ms
 GET /api/localizedStrings?_t=1778050849984 200 in -25162ms
 GET /api/homepageContent/bento 200 in 777ms
 GET /api/bentoItems?_t=1778050849989 200 in 1096ms
 GET /api/localizedStrings?_t=1778050849991 200 in 1118ms
 GET /api/localizedStrings?_t=1778050849993 200 in 1122ms
 GET /api/products?status=published&limit=8?_t=1778050849990 200 in 1138ms
 GET /api/localizedStrings?_t=1778050849999 200 in 1142ms
 GET /api/productCategories?_t=1778050850001 200 in 434ms
 GET /api/localizedStrings?_t=1778050850003 200 in 683ms
 GET /api/localizedStrings?_t=1778050850005 200 in 652ms
 GET /api/bentoItems?_t=1778050850009 200 in 652ms
 GET /api/products?status=published&limit=8?_t=1778050850010 200 in 655ms
 GET /api/localizedStrings?_t=1778050850011 200 in 638ms
 GET /api/localizedStrings?_t=1778050850012 200 in 622ms
 GET /api/productionSteps?_t=1778050851387 200 in 682ms
 GET /api/settings/languages 200 in 822ms
 GET /api/settings/navigation 200 in 824ms
 GET /api/productionSteps?_t=1778050851392 200 in 823ms
 GET /api/caseStudies?_t=1778050851389 200 in 828ms
 GET /api/caseStudies?_t=1778050851393 200 in 829ms
 GET /api/homepageContent/bento 200 in 534ms
 GET /api/settings/languages 200 in 532ms
 GET /api/settings/languages 200 in 323ms
 GET /api/settings/languages 200 in 26327ms
 GET /api/settings/languages 200 in -25497ms
 GET /api/settings/languages 200 in 325ms
 GET /api/settings/languages 200 in 538ms
 GET /api/settings/languages 200 in 327ms
 ⨯ The requested resource "https://placehold.co/800x600?text=Retail+Case" has type "image/svg+xml" but dangerouslyAllowSVG is disabled. Consider adding the "unoptimized" property to the <Image>.
 GET /api/settings/languages 200 in 341ms
 GET /api/settings/languages 200 in 485ms
 GET /api/settings/languages 200 in 321ms
 GET /api/auth/session 200 in 26352ms
 GET /api/auth/session 200 in 329ms
 GET /api/auth/session 200 in 397ms
 GET /api/auth/session 200 in 677ms
 GET /api/auth/session 200 in 323ms
 ✓ Compiled middleware in 9ms
 GET / 200 in 1202ms
 GET / 200 in 1148ms
 GET /admin/home 200 in 1156ms
 GET / 200 in 538ms
 GET / 200 in 563ms
 GET /admin/home 200 in 554ms
 ✓ Compiled in 177ms
 GET /api/bentoItems?_t=1778050924011 200 in 27193ms
 GET /api/homepageContent/hero 200 in 27171ms
 GET /api/homepageContent/video 200 in 27172ms
 GET /api/productCategories?_t=1778050924012 200 in 27198ms
 GET /api/homepageContent/bento 200 in 27179ms
 GET /api/settings/ai 200 in 27171ms
 GET /api/localizedStrings?_t=1778050924012 200 in -23666ms
 GET /api/galleryAssets?_t=1778050925478 200 in 4166ms
 GET /api/galleryAssets?_t=1778050925480 200 in 4272ms
 GET /api/galleryCategories?_t=1778050925480 200 in 4434ms
 GET /api/galleryCategories?_t=1778050925479 200 in 4440ms
 ✓ Compiled in 382ms
 GET /api/bentoItems?_t=1778050938658 200 in 657ms
 GET /api/productCategories?_t=1778050938658 200 in 823ms
 GET /api/localizedStrings?_t=1778050938658 200 in 820ms
 GET /api/homepageContent/hero 200 in 812ms
 GET /api/homepageContent/video 200 in 827ms
 GET /api/homepageContent/bento 200 in 830ms
 GET /api/settings/ai 200 in 26429ms
 GET /api/galleryAssets?_t=1778050939635 200 in 26593ms
 GET /api/galleryCategories?_t=1778050939635 200 in 26594ms
 GET /api/galleryAssets?_t=1778050939636 200 in 26597ms
 GET /api/galleryCategories?_t=1778050939637 200 in 26603ms
 ✓ Compiled in 336ms
 ✓ Compiled in 0ms
 GET /api/auth/session 200 in -25422ms
 GET /api/auth/session 200 in 369ms
 GET /api/auth/session 200 in 372ms
 GET /api/auth/session 200 in 349ms
 GET /api/auth/session 200 in 507ms
 GET /api/auth/session 200 in 523ms
 GET /api/auth/session 200 in 369ms
 GET /api/auth/session 200 in 371ms
 GET /api/auth/session 200 in 26391ms
 GET /api/auth/session 200 in -25494ms
 GET /api/auth/session 200 in 511ms
 GET /api/auth/session 200 in 364ms
 GET /api/auth/session 200 in 359ms
 GET /api/auth/session 200 in 515ms
 GET /api/auth/session 200 in 358ms
 ✓ Compiled in 506ms
 ○ Compiling /admin/home ...
 ✓ Compiled /admin/home in 3.6s
 GET / 200 in 5130ms
 GET /admin/home 200 in 5102ms
 GET / 200 in 5106ms
 GET /api/bentoItems?_t=1778051358443 200 in 5053ms
 GET /api/homepageContent/hero 200 in 4939ms
 GET /api/homepageContent/video 200 in 4964ms
 GET /api/homepageContent/bento 200 in 4021ms
 GET /api/productCategories?_t=1778051358443 200 in 962ms
 GET /api/localizedStrings?_t=1778051358443 200 in 952ms
 GET /api/settings/ai 200 in 913ms
 GET /api/galleryAssets?_t=1778051363740 200 in 812ms
 GET /api/galleryAssets?_t=1778051363741 200 in 811ms
 GET /api/galleryCategories?_t=1778051363740 200 in 905ms
 GET /api/galleryCategories?_t=1778051363741 200 in 365ms
 GET /api/auth/session 200 in 502ms
 GET /api/auth/session 200 in 343ms
 GET /api/auth/session 200 in 344ms
 GET /api/auth/session 200 in 340ms
 GET /api/auth/session 200 in 475ms
 GET /api/bentoItems?_t=1778051417206 200 in 335ms
 ✓ Compiled /api/bentoItems/reorder in 357ms
 POST /api/bentoItems/reorder 200 in 717ms
 GET /api/bentoItems?_t=1778051417937 200 in 320ms
 GET /api/auth/session 200 in 481ms
 GET /api/auth/session 200 in 358ms
 GET /api/auth/session 200 in 506ms
 GET /api/auth/session 200 in 489ms
 GET /api/auth/session 200 in 336ms
 GET /api/auth/session 200 in 494ms
 GET /api/auth/session 200 in 323ms
 GET /api/auth/session 200 in 322ms
 GET /api/auth/session 200 in 485ms
 GET /api/auth/session 200 in 325ms
 GET / 200 in -25347ms
 GET /favicon.ico?favicon.7ed73651.ico 200 in 759ms
 GET /api/localizedStrings?_t=1778051491942 200 in 1049ms
 GET /api/homepageContent/hero 200 in 1029ms
 GET /api/homepageContent/video 200 in 1032ms
 GET /api/homepageContent/map 200 in 924ms
 GET /api/auth/session 200 in 1116ms
 GET /api/settings/languages 200 in 540ms
 GET /api/auth/session 200 in 519ms
 GET /api/localizedStrings?_t=1778051493656 200 in 787ms
 GET /api/auth/session 200 in 890ms
 ✓ Compiled in 419ms
 GET /api/localizedStrings?_t=1778051493657 200 in 1075ms
 GET /api/settings/languages 200 in 1065ms
 GET /api/productCategories?_t=1778051493657 200 in 1088ms
 GET /api/settings/navigation 200 in 1062ms
 GET /api/localizedStrings?_t=1778051493659 200 in 699ms
 GET /api/bentoItems?_t=1778051493659 200 in 699ms
 GET /api/localizedStrings?_t=1778051493660 200 in 904ms
 GET /api/products?status=published&limit=8?_t=1778051493660 200 in 908ms
 GET /api/homepageContent/bento 200 in 892ms
 GET /api/localizedStrings?_t=1778051493663 200 in 832ms
 GET /api/productCategories?_t=1778051493663 200 in 26538ms
 GET /api/bentoItems?_t=1778051493664 200 in 26544ms
 GET /api/products?status=published&limit=8?_t=1778051493665 200 in 667ms
 GET /api/localizedStrings?_t=1778051493665 200 in 738ms
 GET /api/productionSteps?_t=1778051494016 200 in 726ms
 GET /api/localizedStrings?_t=1778051493664 200 in 752ms
 GET /api/bentoItems?_t=1778051494819 200 in 627ms
 GET /api/settings/languages 200 in 935ms
 GET /api/settings/navigation 200 in 937ms
 GET /api/homepageContent/hero 200 in 1095ms
 GET /api/homepageContent/video 200 in 1097ms
 GET /api/auth/session 200 in 1162ms
 GET /api/productCategories?_t=1778051494819 200 in 769ms
 GET /api/localizedStrings?_t=1778051494819 200 in 769ms
 GET /api/settings/ai 200 in 1099ms
 GET /api/localizedStrings?_t=1778051493660 200 in 1047ms
 GET /api/homepageContent/bento 200 in 1014ms
 GET /api/localizedStrings?_t=1778051493663 200 in 1016ms
 GET /api/localizedStrings?_t=1778051493665 200 in 695ms
 GET /api/productionSteps?_t=1778051494016 200 in 691ms
 GET /api/galleryAssets?_t=1778051497714 200 in 652ms
 GET /api/galleryCategories?_t=1778051497714 200 in 853ms
 GET /api/settings/languages 200 in 855ms
 GET /api/auth/session 200 in 897ms
 GET /api/galleryAssets?_t=1778051497719 200 in 661ms
 GET /api/galleryCategories?_t=1778051497719 200 in 662ms
 GET /api/homepageContent/bento 200 in 642ms
 GET /api/settings/languages 200 in 802ms
 GET /api/settings/languages 200 in 322ms
 GET /api/settings/languages 200 in 26202ms
 GET /api/settings/languages 200 in -25413ms
 GET /api/settings/languages 200 in 545ms
 GET /api/caseStudies?_t=1778051501667 200 in 528ms
 GET /api/caseStudies?_t=1778051501668 200 in 529ms
 GET /api/settings/languages 200 in 525ms
 ⨯ The requested resource "https://placehold.co/800x600?text=Retail+Case" has type "image/svg+xml" but dangerouslyAllowSVG is disabled. Consider adding the "unoptimized" property to the <Image>.
 GET /api/settings/languages 200 in 336ms
 GET /api/settings/languages 200 in 322ms
 GET /api/settings/languages 200 in 475ms
 GET /api/auth/session 200 in 498ms
 GET /api/auth/session 200 in 332ms
 GET /api/auth/session 200 in 359ms
 GET /api/auth/session 200 in 481ms
 GET /api/auth/session 200 in 332ms
 GET /api/auth/session 200 in -25374ms
 GET /api/auth/session 200 in 335ms
 GET /api/auth/session 200 in 330ms
 GET /api/auth/session 200 in 482ms
 GET /api/auth/session 200 in 329ms
 GET /api/bentoItems?_t=1778051526299 200 in 493ms
 POST /api/bentoItems/reorder 200 in 529ms
 GET /api/bentoItems?_t=1778051526902 200 in 334ms
 GET /api/auth/session 200 in 489ms
 GET /api/auth/session 200 in 343ms
 GET /api/auth/session 200 in 343ms
 GET /api/auth/session 200 in 486ms
 GET /api/auth/session 200 in 388ms
 GET / 200 in 261ms
 GET /favicon.ico?favicon.7ed73651.ico 200 in -24845ms
 GET /api/localizedStrings?_t=1778051531261 200 in -24426ms
 GET /api/homepageContent/hero 200 in -24425ms
 GET /api/homepageContent/video 200 in -24392ms
 GET /api/homepageContent/map 200 in -24405ms
 GET /api/auth/session 200 in -24329ms
 GET /api/settings/languages 200 in 875ms
 GET /api/auth/session 200 in 519ms
 GET /api/localizedStrings?_t=1778051533227 200 in 927ms
 GET /api/productCategories?_t=1778051533227 200 in 952ms
 GET /api/settings/languages 200 in 1129ms
 GET /api/localizedStrings?_t=1778051533228 200 in 1132ms
 GET /api/settings/navigation 200 in 1112ms
 GET /api/bentoItems?_t=1778051533229 200 in 1074ms
 GET /api/homepageContent/bento 200 in 1078ms
 GET /api/products?status=published&limit=8?_t=1778051533230 200 in 867ms
 GET /api/localizedStrings?_t=1778051533230 200 in 868ms
 GET /api/localizedStrings?_t=1778051533232 200 in 872ms
 GET /api/productCategories?_t=1778051533232 200 in 875ms
 GET /api/localizedStrings?_t=1778051533233 200 in 880ms
 GET /api/bentoItems?_t=1778051533234 200 in 652ms
 GET /api/productionSteps?_t=1778051533572 200 in 660ms
 GET /api/products?status=published&limit=8?_t=1778051533234 200 in 665ms
 GET /api/localizedStrings?_t=1778051533234 200 in 26725ms
 GET /api/caseStudies?_t=1778051533573 200 in 26723ms
 GET /api/auth/session 200 in 26763ms
 GET /api/productionSteps?_t=1778051533573 200 in 26781ms
 GET /api/caseStudies?_t=1778051533574 200 in 26948ms
 GET /api/settings/languages 200 in 889ms
 GET /api/localizedStrings?_t=1778051533228 200 in 1071ms
 GET /api/settings/navigation 200 in 1049ms
 GET /api/homepageContent/bento 200 in 1005ms
 GET /api/localizedStrings?_t=1778051533230 200 in -24149ms
 GET /api/localizedStrings?_t=1778051533233 200 in -24171ms
 GET /api/localizedStrings?_t=1778051533234 200 in -24166ms
 GET /api/settings/languages 200 in -24006ms
 GET /api/auth/session 200 in -23990ms
 GET /api/settings/languages 200 in 404ms
 GET /api/auth/session 200 in 408ms
 GET /api/settings/languages 200 in 362ms
 GET /api/settings/languages 200 in 465ms
 GET /api/settings/languages 200 in 321ms
 GET /api/settings/languages 200 in 368ms
 ⨯ The requested resource "https://placehold.co/800x600?text=Retail+Case" has type "image/svg+xml" but dangerouslyAllowSVG is disabled. Consider adding the "unoptimized" property to the <Image>.
 GET /api/settings/languages 200 in 25842ms
 GET /api/settings/languages 200 in -25536ms
 GET /api/settings/languages 200 in 328ms
 GET /api/settings/languages 200 in 480ms
 GET /api/auth/session 200 in 511ms
 GET /api/auth/session 200 in 347ms
 GET /api/auth/session 200 in 336ms
 GET /api/auth/session 200 in 494ms
 GET /api/auth/session 200 in 347ms
 GET /api/auth/session 200 in -25352ms
 GET /api/auth/session 200 in 352ms
 GET /api/auth/session 200 in 336ms
 GET /api/auth/session 200 in 345ms
 GET /api/auth/session 200 in 500ms
 GET /api/auth/session 200 in 338ms
 GET /api/auth/session 200 in 331ms
 GET /api/auth/session 200 in 485ms
 GET /api/auth/session 200 in 350ms
 GET /api/auth/session 200 in 335ms
 ⨯ The requested resource "https://placehold.co/400x300?text=IQC" has type "image/svg+xml" but dangerouslyAllowSVG is disabled. Consider adding the "unoptimized" property to the <Image>.
 ⨯ The requested resource "https://placehold.co/800x600?text=Retail+Case" has type "image/svg+xml" but dangerouslyAllowSVG is disabled. Consider adding the "unoptimized" property to the <Image>.
 GET /api/auth/session 200 in 484ms
 GET /api/auth/session 200 in 358ms
 GET /api/auth/session 200 in 26180ms
 GET /api/auth/session 200 in -25396ms
 GET /api/auth/session 200 in 330ms
